Timeslot,1st speaker name,1st speaker handle,2nd speaker name,2nd speaker handle,3rd speaker name,3rd speaker handle,4th speaker name,4th speaker handle,talk id,Linked Sessions,Conference Events,Title,Description,Location,Session Type,Type,Start,End,Location Description,Track
"March 28, 2026 08:30 AM - 09:00 AM",,,,,,,,,,,Doors Open Day 3,Doors Open Day 3,Doors Open Day 3,,,,"March 28th, 2026 8:30am","March 28th, 2026 9:00am",,
"March 28, 2026 08:30 AM - 10:30 AM",,,,,,,,,,,Breakfast Day 3,Breakfast Day 3,,,,Food,"March 28th, 2026 8:30am","March 28th, 2026 10:30am",,
"March 28, 2026 09:00 AM - 09:15 AM",,,,,,,,,,,Opening Remarks Day 3,Opening Remarks Day 3,Opening Remarks Day 3,Great Hall South,,,"March 28th, 2026 9:00am","March 28th, 2026 9:15am",Main Theater,
"March 28, 2026 09:15 AM - 10:00 AM",@kissane.myatproto.social,Erin Kissane,,,,,,,gDELD0M,Landslide,Keynote Day 3,Landslide,Keynote Day 3,Great Hall South,Presentation,,"March 28th, 2026 9:15am","March 28th, 2026 10:00am",Main Theater,Media and Civics
"March 28, 2026 10:00 AM - 10:30 AM",@rude1.blacksky.team,Rudy Fraser,,,,,,,QK9Ae6Y,Groundings with my Siblings: Lessons Learned Building for Community,Day 3 Slot 1 a,Groundings with my Siblings: Lessons Learned Building for Community,"I had the privilege of discussing Blacksky and AT Protocol at several different college campuses, conference venues and other settings along with webinars and doing user research. I plan to share those learnings to help others build better products and how we particularly plan to incorporate those learnings from both a product and operations standpoint.",Great Hall South,Presentation,Session,"March 28th, 2026 10:00am","March 28th, 2026 10:30am",Main Theater,Development and Protocol
"March 28, 2026 10:30 AM - 11:00 AM",@brittanyellich.com,Brittany Ellich,,,,,,,obaP26x,Who owns the group chat? Building collaborative spaces on ATProto,Day 3 Slot 2 a,Who owns the group chat? Building collaborative spaces on ATProto,"Traditional social platforms centralize control of community spaces—the platform owns your group, your members, and your data. On ATProto, ownership, governance, and moderation become explicit design decisions. This talk explores building shared resources on a decentralized protocol—from data synchronization to governance models—drawing from real experience building community features and examples from other ATProto apps.",Great Hall South,Presentation,Session,"March 28th, 2026 10:30am","March 28th, 2026 11:00am",Main Theater,Development and Protocol
"March 28, 2026 11:00 AM - 11:30 AM",@laurenshof.online,Laurens Hof,,,,,,,ODxNLMM,Who talks to whom? Coordination gaps in decentralised infrastructure,Day 3 Slot 3 a,Who talks to whom? Coordination gaps in decentralised infrastructure,"ATProto aspires to power significant social networking infrastructure, but how its layered components (relays, labelers, AppViews, PDSes) should coordinate remains unclear. When a PDS provider bans an account, are there situations when other PDS providers should be notified? What happens when two AppViews make conflicting moderation decisions about the same content? This talk works through the practical coordination problems at each layer of the stack, draws on parallel situations from the fediverse, and proposes where the ecosystem needs to start building shared norms and documentation.",Great Hall South,Presentation,Session,"March 28th, 2026 11:00am","March 28th, 2026 11:30am",Main Theater,Media and Civics
"March 28, 2026 11:30 AM - 12:00 PM",@bad-example.com,fig,,,,,,,7Rrv0E0,Beyond Bluesky: Community infrastructure,Day 3 Slot 4 a,Beyond Bluesky: Community infrastructure,"Bluesky, a VC-backed company, runs public infrastructure that's widely depended upon by ATProto builders.

Microcosm, a set of community-funded open-source infra, supports dozens of ATProto projects and growing.

I'll dive into AT-protocol-specific economics of operating and scaling public infrastructure, and look ahead at how we get to a sustainable and diverse infra future. All grounded in the day-to-day reality of actually running big indexes, caches, relays, jetstreams, a PLC mirror, ...",Great Hall South,Presentation,Session,"March 28th, 2026 11:30am","March 28th, 2026 12:00pm",Main Theater,Development and Protocol
"March 28, 2026 12:00 PM - 01:30 PM",,,,,,,,,,,Lunch Day 3,Lunch Day 3,Lunch Day 3,Great Hall North,,Food,"March 28th, 2026 12:00pm","March 28th, 2026 1:30pm",Location for Breakfast,
"March 28, 2026 01:30 PM - 02:00 PM",pfrazee.com,Paul Frazee,,,,,,,aQ1J9GE,2026 Atmosphere Report,Day 3 Slot 5 a,2026 Atmosphere Report,"Paul Frazee, CTO of Bluesky, gives a report on the Atmosphere from Bluesky's point of view. New standards efforts, new protocol features, new developer tools and APIs - this year has it all. Paul will share what's going on, what Bluesky is working on, and why 2026 is going to be a great year for the Atmosphere.",Great Hall South,Presentation,Session,"March 28th, 2026 1:30pm","March 28th, 2026 2:00pm",Main Theater,Development and Protocol
"March 28, 2026 02:00 PM - 02:30 PM",pfrazee.com,Paul Frazee,,,,,,,aQ1J9GE,2026 Atmosphere Report,Day 3 Slot 6 a,2026 Atmosphere Report,"Paul Frazee, CTO of Bluesky, gives a report on the Atmosphere from Bluesky's point of view. New standards efforts, new protocol features, new developer tools and APIs - this year has it all. Paul will share what's going on, what Bluesky is working on, and why 2026 is going to be a great year for the Atmosphere.",Great Hall South,Presentation,Session,"March 28th, 2026 2:00pm","March 28th, 2026 2:30pm",Main Theater,Development and Protocol
"March 28, 2026 02:30 PM - 03:00 PM",@eliot.sh,Eliot Hertenstein,Paul Frazee,pfrazee.com,Eli Mallon,@iame.li,Reed Harmeyer,reedharmeyer.bsky.social,Y561Qv6,From protocol to product: How Expo powers the next wave of AT Proto applications,Day 3 Slot 7 a,From protocol to product: How Expo powers the next wave of AT Proto applications,"What does it actually take to build and ship an AT Proto app? This panel features developers who have done exactly that using Expo. We'll cover the full journey: authentication and OAuth, working with decentralized identity, deploying to app stores, and scaling to real users. Whether you're exploring AT Proto for the first time or ready to start building, you'll walk away with practical insights from people who've shipped.",Great Hall South,Discussion / Panel,Session,"March 28th, 2026 2:30pm","March 28th, 2026 3:00pm",Main Theater,Development and Protocol
"March 28, 2026 03:00 PM - 03:30 PM",@tessa.germnetwork.com,Tessa Brown,,,,,,,LZxV6dv,Consent Before Cryptography,Day 3 Slot 8 a,Consent Before Cryptography,"In this talk, Germ Network co-founder Tessa Brown asks us to center consent in our ongoing conversations about privacy, agency, and self-determination. She describes how Germ is built for consenting connections and shares the team’s learnings from integrating atproto handles into their end-to-end encrypted messenger. As we all onboard users familiar with centralized social media paradigms into the Atmosphere, Tessa reflects on the UX design choices Germ made to help users understand what they consent to when they bring their atproto identities into Germ.",Great Hall South,Presentation,Session,"March 28th, 2026 3:00pm","March 28th, 2026 3:30pm",Main Theater,Community
"March 28, 2026 03:30 PM - 04:00 PM",,,,,,,,,,,Day 3 Coffee Break,Day 3 Coffee Break,Day 3 Coffee Break,,,Food,"March 28th, 2026 3:30pm","March 28th, 2026 4:00pm",,
"March 28, 2026 04:10 PM - 04:20 PM",ronentk.me,Ronen Tamari,,,,,,,OD6Gd0A,Semble: Rediscovering the Magic of Trails,Day 3 Lightning talk a 2,Semble: Rediscovering the Magic of Trails,"Attendees will discover how ATProto can power more than microblogging—it can become the foundation for a new kind of collective intelligence. We'll explore Cosmik's vision for social knowledge networks where insights don't vanish into algorithmic feeds but become discoverable, interconnected building blocks owned by the people who create them. Through a quick demo of Semble, our knowledge-sharing tool for the Atmosphere, developers will see practical patterns for building apps that leverage ATProto's interoperability to create experiences feeds were never designed for—turning passive scrolling into active sensemaking.",Great Hall South,Lightning Talk,Session,"March 28th, 2026 4:10pm","March 28th, 2026 4:20pm",Main Theater,Media and Civics
"March 28, 2026 04:00 PM - 04:10 PM",@quillmatiq.com,Anuj Ahooja,,,,,,,81gXlXP,State of the Multi-Protocol Social Web (name will change),Day 3 Lightning talk a 1,State of the Multi-Protocol Social Web (name will change),"A breakdown of improvements in multi-protocol services, including Bridgy Fed and Bounce, and where those services are going in 2026. Some things include:

1. Direct integrations with platforms + client tools
2. Moderation improvements
3. Working with other multi-protocol services
4. Major updates coming to Bridgy Fed",Great Hall South,Lightning Talk,Session,"March 28th, 2026 4:00pm","March 28th, 2026 4:10pm",Main Theater,Development and Protocol
"March 28, 2026 04:10 PM - 04:20 PM",@stephanjnoel.bsky.social,Stephan Noel,,,,,,,2EGLPML,Burning down data walls in the US Fire Service and Beyond,Day 3 Lightning talk b 2,Burning down data walls in the US Fire Service and Beyond,"My team at FSRI recently overhauled how all firefighters in the US report data with NERIS (https://neris.fsri.org/faqs).  I want to share insights I gained into how centralization and the resulting enshittification has played out in fire software and how NERIS hasn’t fully solved the problem.  I’d like to encourage more people to build fire (and other niche) software and create an open ecosystem of interoperable tools where fire department data ownership is at its heart and outline some opportunities and resources.
If time permits I may very quickly reference similar initiatives like FHIR and open banking.",Performance Theater,Lightning Talk,Session,"March 28th, 2026 4:10pm","March 28th, 2026 4:20pm",,Community
"March 28, 2026 04:10 PM - 04:20 PM",@billwpierce.co,Billy Pierce,,,,,,,QKZoLBX,"How (de)centralized is Bluesky, really?",Day 3 Lightning talk c 2,"How (de)centralized is Bluesky, really?","In this presentation, I will discuss a working paper on the functional (de)centralization of Bluesky. This includes the extent to which AT Protocol infrastructure is owned and operated by entities other than Bluesky Social (through a computational mapping of ownership of PDS endpoints), the implications this (de)centralization has for Bluesky Social's goals, and what might be done. Following the presentation of quantitative results and associated theory, there will be time for a Q&A and discussion. Looking forward to hearing from attendees about efforts to further decentralize AT Protocol infrastructure!",Room 2301,Lightning Talk,Session,"March 28th, 2026 4:10pm","March 28th, 2026 4:20pm",,Media and Civics
"March 28, 2026 04:20 PM - 04:30 PM",@buildwithtori.com,Victoria White,,,,,,,2EG4YMj,"What 350,000 users taught me about growing on Open Social",Day 3 Lightning talk a 3,"What 350,000 users taught me about growing on Open Social","In nine months, we grew Skylight Social from zero to over 350,000 downloads. This lightning talk distills the most important lessons from that journey; how to message open social to a broader audience, how to read user behavior over user requests, and which tools and collaborations actually scaled. It’s a practical look at what worked, what didn’t, and what I’d do again if I were starting today.",Great Hall South,Lightning Talk,Session,"March 28th, 2026 4:20pm","March 28th, 2026 4:30pm",Main Theater,Community
"March 28, 2026 04:20 PM - 04:30 PM",@hypha.coop,Hypha Coop,,,,,,,7Rr2zW6,Pollen: Prototyping a toolkit for journalists and researchers to restore source transparency in an AI-saturated feed,Day 3 Lightning talk b 3,Pollen: Prototyping a toolkit for journalists and researchers to restore source transparency in an AI-saturated feed,"Pollen is a technical prototype by Hypha that enables journalists and researchers to anchor authenticated claims, such as photographer attribution and trusted timestamps, directly to their Personal Data Server. By attending this session, media professionals will learn how authenticated claims can protect the integrity of their reporting against generative AI ""slop"" and how a shared provenance layer empowers the community to collectively maintain digital facticity.",Performance Theater,Lightning Talk,Session,"March 28th, 2026 4:20pm","March 28th, 2026 4:30pm",,Media and Civics
"March 28, 2026 04:20 PM - 04:30 PM",jennie-gander.bsky.social,Jennifer Mitchell,,,,,,,Bzr448Q,Why Gander Social?,Day 3 Lightning talk c 3,Why Gander Social?,A lightening talk showcasing Gander Social. Why we exist and how we interoperate.,Room 2301,Lightning Talk,Session,"March 28th, 2026 4:20pm","March 28th, 2026 4:30pm",,Development and Protocol
"March 28, 2026 04:30 PM - 05:00 PM",@chadfowler.com,Chad Fowler,,,,,,,OD2G9j8,The Phoenix Architecture,Day 3 Slot 10 a,The Phoenix Architecture,"Phoenix Architecture is a way of thinking about software in a world where implementations can be rewritten faster than they can be understood. As AI shifts the economics from maintenance to regeneration, the real architectural questions move upstream: what must remain stable, what can safely change, and what breaks humans when it breaks at all. This talk offers a set of lenses (not answers) for reasoning about durability, trust, and coherence in long-lived systems. Attendees should leave with new instincts, sharper questions, and a sense that some of our deepest assumptions about software may need to be revisited.",Great Hall South,Presentation,Session,"March 28th, 2026 4:30pm","March 28th, 2026 5:00pm",Main Theater,Development and Protocol
"March 28, 2026 05:00 PM - 05:30 PM",blaine.bsky.social,Blaine Cook,,,,,,,rj8Xv62,This Title Left Intentionally Blank,Day 3 Slot 11 a,This Title Left Intentionally Blank,"Just putting up the offer to host a talk, or do a panel, or whatever makes sense. I could imagine another ""how to think about this stuff"" style talk, or a panel discussion about small communities on atproto, or a talk about experiences building on atproto, or a talk about roundabout specifically (with the caveat that we're not on the public PLCs)",Great Hall South,Presentation,Session,"March 28th, 2026 5:00pm","March 28th, 2026 5:30pm",Main Theater,Media and Civics
"March 28, 2026 05:30 PM - 05:45 PM",,,,,,,,,,,Day 3 Closing Remarks,Day 3 Closing Remarks,,Great Hall South,,,"March 28th, 2026 5:30pm","March 28th, 2026 5:45pm",Main Theater,
"March 29, 2026 08:30 AM - 10:00 AM",,,,,,,,,,,Doors Open Day 4,Doors Open Day 4,Doors Open Day 4,,,,"March 29th, 2026 8:30am","March 29th, 2026 10:00am",,
"March 29, 2026 09:00 AM - 09:15 AM",,,,,,,,,,,Opening Remarks Day 4,Opening Remarks Day 4,Opening Remarks Day 4,Great Hall South,,,"March 29th, 2026 9:00am","March 29th, 2026 9:15am",Main Theater,
"March 29, 2026 09:15 AM - 10:00 AM",@zeu.dev,Zeu,,,,,,,MeWBzWX, A better NPM site is possible,Keynote Day 4, A better NPM site is possible,Keynote Day 4,Great Hall South,Presentation,,"March 29th, 2026 9:15am","March 29th, 2026 10:00am",Main Theater,Development and Protocol
"March 29, 2026 03:30 PM - 04:00 PM",,,,,,,,,,,Day 4 Coffee Break,Day 4 Coffee Break,Day 4 Coffee Break,,,Food,"March 29th, 2026 3:30pm","March 29th, 2026 4:00pm",,
"March 29, 2026 10:00 AM - 10:30 AM",lewis.moe,Lewis Torrington,,,,,,,VLgVWM6,tangled: The Lewis end,Day 4 Slot 1 a,tangled: The Lewis end,"Building a company on an open protocol is a different ballgame. In this talk I aim to cover why we decided to make Tangled a company, how we're financed, why we went this route, the challenges we faced and our plans for the future. ",Great Hall South,Presentation,Session,"March 29th, 2026 10:00am","March 29th, 2026 10:30am",Main Theater,Development and Protocol
"March 29, 2026 10:30 AM - 11:00 AM",devingaffney.com,Devin Gaffney,,,,,,,gDPMMa1,"One Year of Graze - lessons learned funding, building, and growing in the atmosphere",Day 4 Slot 2 a,"One Year of Graze - lessons learned funding, building, and growing in the atmosphere","I'll be sharing an abbreviated history of building Graze, our own product's theory of action and how it slots into our more broad theory of how the AT Protocol disrupts the existing social layer of the web. We'll move into successes and challenges with fundraising, what we learned during that process and what others should know. We'll wrap with our own theories on development in 2026, how we fully move beyond the ""skeuomorph"" era of ATProto.",Great Hall South,Presentation,Session,"March 29th, 2026 10:30am","March 29th, 2026 11:00am",Main Theater,Media and Civics
"March 29, 2026 11:00 AM - 11:30 AM",@case.bsky.social,Amber Case,,,,,,,ODqQQJA,Waiting for the Future to Load ,Day 4 Slot 3 a,Waiting for the Future to Load ,"The Future is not what you think. People trained on self driving cars or notions from the 1950s are ill-prepared to see what's actually growing behind the scenes, out of public view. It's not like anything on social media right now. It's in the cracks, almost imperceptible. 

Often it's the opposite of what's been said for years. We've stayed in this timeline for a long time. What will it take to get out of the 2010s? ",Great Hall South,Presentation,Session,"March 29th, 2026 11:00am","March 29th, 2026 11:30am",Main Theater,Media and Civics
"March 29, 2026 11:30 AM - 12:00 PM",@komorama.bsky.social,Alex Komoroske,Mike Masnick,@masnick.com,,,,,kdobWjj,A Fireside Chat on Resonant Computing: Why we wrote the manifesto and where we go from here,Day 4 Slot 4 a,A Fireside Chat on Resonant Computing: Why we wrote the manifesto and where we go from here,"Resonant Computing manifesto co-authors Mike Masnick (Bluesky board member, Techdirt) and Alex Komoroske (Common Tools) discuss why they felt compelled to articulate an alternative vision for computing—one that's private, plural, and prosocial. They'll explore what resonance actually means in practice, why the ATProto community is uniquely positioned to build this future, and talk about the infrastructure work to make it real.",Great Hall South,Discussion / Panel,Session,"March 29th, 2026 11:30am","March 29th, 2026 12:00pm",Main Theater,Community
"March 29, 2026 12:00 PM - 01:30 PM",,,,,,,,,,,Day 4 Lunch,Day 4 Lunch,Day 4 Lunch,,,Food,"March 29th, 2026 12:00pm","March 29th, 2026 1:30pm",,
"March 29, 2026 01:30 PM - 02:00 PM",danabra.mov,Dan Abramov,,,,,,,9q8ZX5Q,Social Components,Day 4 Slot 5 a,Social Components,"What if social products were remixable?Imagine you could take a social product and break it its user interface into pieces. Then imagine that you, or anyone else, could recombine those pieces in different ways, swap things out, composing and remixing experiences made and hosted by different people.We already know a way to compose UI: Components. However, we didn't have a way to compose components across products. Atmosphere gives us that way: lexicons define component contracts, records point at the endpoints, everyone uses the same data.So let's put components on the protocol! In this talk, Dan will present Inlay—an experimental browser for remixable cross-product server-driven user interfaces on the Atmosphere. You can think of it as ""React for atproto"" or like ""HyperCard for social"".Whether it's a terrible idea or a glimpse of a post-app future remains to be seen.---(Demo teaser: https://bsky.app/profile/did:plc:fpruhuo22xkm5o7ttr2ktxdo/post/3mdjhy2bofk2h)",Great Hall South,Presentation,Session,"March 29th, 2026 1:30pm","March 29th, 2026 2:00pm",Main Theater,Development and Protocol
"March 29, 2026 02:00 PM - 02:30 PM",@darrin.bsky.team,Darrin Loeliger,,,,,,,GxEe0Vz,Designing for the social web,Day 4 Slot 6 a,Designing for the social web,A panel with prominent designers/builders from the community to talk about design. My colleague Jim Ray told me there are other designers interested in doing a panel. I'm open to any format that would be interesting to this community.,Great Hall South,Discussion / Panel,Session,"March 29th, 2026 2:00pm","March 29th, 2026 2:30pm",Main Theater,Community
"March 29, 2026 02:30 PM - 03:00 PM",@trezy.codes,Trezy Who,,,,,,,xXWE9Dv,Data Sovereignty for Games (and Everything Else): Building Decentralized Industry Infrastructure on ATProto,Day 4 Slot 7 a,Data Sovereignty for Games (and Everything Else): Building Decentralized Industry Infrastructure on ATProto,"Game developers publish data across dozens of platforms they don't control... until payment processors or platform policies change the rules overnight. I'm building The Pentaract: both the lexicons and the management platform that let developers control their game data on ATProto, enabling true data sovereignty, player-owned achievements and saves, and decentralized modding systems. This talk breaks down how I'm using ATProto's distributed infrastructure to solve real industry problems, from scattered metadata to platform lock-in, and provides a blueprint for developers in any industry facing similar centralization challenges.",Great Hall South,Presentation,Session,"March 29th, 2026 2:30pm","March 29th, 2026 3:00pm",Main Theater,Development and Protocol
"March 29, 2026 03:00 PM - 03:30 PM",@dholms.at,Daniel Holmgren,,,,,,,rjQ96kl,Protocol Governance & Hard Decentralization,Day 4 Slot 8 a,Protocol Governance & Hard Decentralization,"AT is entering a critical phase of maturation and becoming truly multi-stakeholder infrastructure. This talk covers the concrete steps both Bluesky and the AT ecosystem are taking to achieve ""hard decentralization"": forming an IETF working group to standardize the protocol, establishing independent governance for PLC, and implementing the technical foundations that make decentralization real - more and larger PDSes, seamless account portability, full network sync, and more.
",Great Hall South,Presentation,Session,"March 29th, 2026 3:00pm","March 29th, 2026 3:30pm",Main Theater,Development and Protocol
"March 29, 2026 04:00 PM - 04:10 PM",@rangakrishnan1.bsky.social,Ranga Krishnan,,,,,,,Xxd7xqj,E2EE DMs for Bluesky,Day 4 Lightning talk a 1,E2EE DMs for Bluesky,"Demonstrate and explain how E2EE DMs were integrated into the Bluesky Social App using the Matrix protocol, and detail the benefits of this approach to for E2EE DMs. A Bluesky service using this integration will be live by the time of the conference and the audience will be able to sign up for the service. Additional services in verticals such as

- Bluesky Moderation
- Bluesky Commerce

leveraging E2EE DMs are in development now, and will be detailed in the presentation. ",Great Hall South,Lightning Talk,Session,"March 29th, 2026 4:00pm","March 29th, 2026 4:10pm",Main Theater,Development and Protocol
"March 29, 2026 04:10 PM - 04:20 PM",tynanpurdy.com,Tynan Purdy,,,,,,,aQJAWl9,Affordances of the Atmosphere,Day 4 Lightning talk a 2,Affordances of the Atmosphere,"The AT Protocol introduces several affordances to social products which are unfamiliar to both product creators and users of social products. This presents a challenge in both imagining the new features and experiences made possible by the protocol and how to share those capabilities with users. I'll walk through a few of the unique powers of ATproto, what implications those have for how we build social products, and some thoughts on how to make it all make sense, and be compelling, for users.",Great Hall South,Lightning Talk,Session,"March 29th, 2026 4:10pm","March 29th, 2026 4:20pm",Main Theater,Development and Protocol
"March 29, 2026 04:10 PM - 04:20 PM",chadtmiller.com,Chad Miller,,,,,,,dWGJ41y,Abstracting the AppView,Day 4 Lightning talk b 2,Abstracting the AppView,"Quick dive into AppViews. Talk about what an AppView is/does, explore different implementations/setups, and show how tools like quickslice can abstract that all away allowing you to focus on your lexicons and UI/UX.",Performance Theater,Lightning Talk,Session,"March 29th, 2026 4:10pm","March 29th, 2026 4:20pm",,Development and Protocol
"March 29, 2026 04:20 PM - 04:30 PM",@timburks.me,Tim Burks,,,,,,,ob8N65V,How to use Bluesky to easily and securely preview a software product to users.,Day 4 Lightning talk a 3,How to use Bluesky to easily and securely preview a software product to users.,ATProto is a great way to manage identity! One of my favorite things about it is that it's vendor-neutral. I'll describe how I used ATProto to build self-service licensing and analytics for a software beta with no third-party dependencies.,Great Hall South,Lightning Talk,Session,"March 29th, 2026 4:20pm","March 29th, 2026 4:30pm",Main Theater,Community
"March 29, 2026 04:20 PM - 04:30 PM",@timryan.org,Tim Ryan,,,,,,,686gZde,Using GraphQL to build with ATProto,Day 4 Lightning talk b 3,Using GraphQL to build with ATProto,"When developing applications, there are a lot of client technologies that can talk to server backends. ATProto is extensible, federated, and works with backend data stores; GraphQL is often fixed for a specific application, precompiled, and yet performs a somewhat similar function. Because GraphQL tooling is common for application development (e.g. Relay, Apollo) it would make sense to bridge these two technologies so developers can bootstrap ATProto applications with widely available tools. My talk would explain my deep dive into this (starting with an Expo App) and some thoughts about how this would scale to introduce more developers into the ATmosphere.",Performance Theater,Lightning Talk,Session,"March 29th, 2026 4:20pm","March 29th, 2026 4:30pm",,Development and Protocol
"March 29, 2026 04:30 PM - 05:00 PM",@knotbin.com,Roscoe Rubin-Rottenberg,,,,,,,RG6Nepp,Large-scale interoperability in the ATmosphere,Day 4 Slot 10 a,Large-scale interoperability in the ATmosphere,"Connecting the ""Wherever You Get Your Podcasts"" blog I posted a ~month ago (https://knotbin.leaflet.pub/3lx3uqveyj22f) to interoperability in atproto.m using the podcast metaphor for feature adoption & how they're just one type of RSS feed, just like lexicons with records. In theory, apps can implement any lexicon. I'd then go into the actual experience of implementing this at the huge scale of Bluesky's lexicon and why Spark decided to take a different approach to lexicon interop in the end.",Great Hall South,Presentation,Session,"March 29th, 2026 4:30pm","March 29th, 2026 5:00pm",Main Theater,Development and Protocol
"March 29, 2026 05:00 PM - 05:30 PM",offline.arushibandi.com,Arushi Bandi,,,,,,,PdNOkAP,habitat: how to get away from skeumorphism on ATproto,Day 4 Slot 11 a,habitat: how to get away from skeumorphism on ATproto,"habitat is a personal server on and for ATproto. So far, we've built permissioned data with platform-level features, demonstrated through calendar, multiplayer notes, and photo-sharing app (and more by March!)
Last year, Rudy talked about getting away from skeuemorphism, and we show those possibilities through features such as record tagging and support for communities.

We hope this talk inspires people what more is possible on ATproto and to go and just build things!",Great Hall South,Presentation,Session,"March 29th, 2026 5:00pm","March 29th, 2026 5:30pm",Main Theater,Development and Protocol
"March 29, 2026 05:30 PM - 05:45 PM",,,,,,,,,,,Day 4 Closing Remarks,Day 4 Closing Remarks,,,,,"March 29th, 2026 5:30pm","March 29th, 2026 5:45pm",,
"March 28, 2026 10:00 AM - 10:30 AM",bankonjustin.bsky.social,Justin Bank,,,,,,,J9yOpYz,The Aggregation Era burned journalism institutions to the ground. The federated era is emerging from those embers,Day 3 Slot 1 b,The Aggregation Era burned journalism institutions to the ground. The federated era is emerging from those embers,Journalists are the sleeper agents to catalyze the protocol-based publishing revolution.  They're already operating in federated ways -- they just don't use those words. Whether it’s a creator spackling together a media company from web pages and discords -- like so many Twitch streamers. Or journalists using newsletter products to build direct relationships with (and monetize) the massive massive scale audiences they reach through vertical video platforms and don't monetize ....They are federating in DIY ways just as more and more media companies get smaller and more and more journalists go independent. How do we harness this natural momentum towards an organized movement? How can technologists and content creators work together to work as a federated army of Pied Pipers to port audiences into the ATmosphere. ,Performance Theater,Presentation,Session,"March 28th, 2026 10:00am","March 28th, 2026 10:30am",,Media and Civics
"March 28, 2026 10:00 AM - 10:30 AM",@mosh.bsky.social,Mosh Lee,,,,,,,BzrpDQK,Feature / Product / Business: A Framework for Sustainable ATProto Projects,Day 3 Slot 1 c,Feature / Product / Business: A Framework for Sustainable ATProto Projects,"The ATProto community built a ton of great features and products over the past year! For our next trick, let's mature them into products and businesses. In this talk, you'll get a practical framework for understanding whether what you're building should be a feature, product, or business, plus concrete funding models at each layer to keep your work going and growing. (More in this thread: https://bsky.app/profile/mosh.bsky.social/post/3mckiat2ne22q)",Room 2301,Presentation,Session,"March 28th, 2026 10:00am","March 28th, 2026 10:30am",,Development and Protocol
"March 28, 2026 10:30 AM - 11:00 AM",@eclecticcapital.bsky.com,Natalie Mullins,,,,,,,obLbvQV,Building the Sovereign Media Stack: A Roadmap for AT Protocol ,Day 3 Slot 2 b,Building the Sovereign Media Stack: A Roadmap for AT Protocol ,"The talk will focus on (1) the structural shifts reshaping the media landscape & creator economy and provide a roadmap / suggestions for how the AT Protocol ecosystem & community can be best positioning to serve the needs of creators of all kinds (emphasis / focus here on independent creators) through this evolutio, while preserving their rights to sovereignty & ownership. The talk ideally touches on both cultural, economic and technical / infrastructural topics. Will be speaking in my capacity both as an artist and as an investor / student of media markets.",Performance Theater,Presentation,Session,"March 28th, 2026 10:30am","March 28th, 2026 11:00am",,Development and Protocol
"March 28, 2026 10:30 AM - 11:00 AM",@emily.gorcen.ski,Emily Gorcenski,,,,,,,gDPLaGd,Did Lexicon just accidentally solve the enterprise data problem?,Day 3 Slot 2 c,Did Lexicon just accidentally solve the enterprise data problem?,"One of the core ideas behind the Data Mesh architecture is that data products should be decentralized and domain-oriented. The main barrier to successfully implementing Data Mesh is that decades of data tooling have assumed that data governance and engineering teams are centralized. ATProto’s Lexicon data definition language, however, deftly balances both the “nouns” and “verbs” of data modeling, making it a promising candidate for implementing a decentrally-managed data architecture.",Room 2301,Presentation,Session,"March 28th, 2026 10:30am","March 28th, 2026 11:00am",,Development and Protocol
"March 28, 2026 11:00 AM - 11:30 AM",@joebasser.com,Joe Basser,,,,,,,81VNEBO,Creators First: Video & Media as the Foundation of a Thriving Creator Economy on ATProto,Day 3 Slot 3 b,Creators First: Video & Media as the Foundation of a Thriving Creator Economy on ATProto,"This panel spotlights creators on AT Protocol and the infrastructure that lets them own their audience and income. We will explore how video, music, reviews, and other media can interoperate across apps, helping artists reach fans anywhere without being tied to a single platform. Panelists will share emerging ways creators can earn, from direct fan support to premium content. Attendees will leave with a clear view of how ATProto can become the home for the next generation of creators.",Performance Theater,Discussion / Panel,Session,"March 28th, 2026 11:00am","March 28th, 2026 11:30am",,Media and Civics
"March 28, 2026 11:00 AM - 11:30 AM",,,,,,,,,,,Day 3 Slot 3 c,Day 3 Slot 3 c,,Room 2301,,Session,"March 28th, 2026 11:00am","March 28th, 2026 11:30am",,
"March 28, 2026 11:30 AM - 12:00 PM",@jimray.bsky.team,Jim Ray,,,,,,,VLa69bl,Publishing Without Platforms: Building Native Media on AT Protocol,Day 3 Slot 4 b,Publishing Without Platforms: Building Native Media on AT Protocol,"The web promised independent publishing. Social media delivered distribution. AT Protocol gives you both—without surrendering control to a platform.

This session is for journalists, newsletter writers, bloggers, and media technologists who are tired of algorithmic uncertainty and want to explore what native publishing looks like on an open protocol. We'll be talking about building publishing systems where you control your content, audience relationships, and distribution strategy.",Performance Theater,Discussion / Panel,Session,"March 28th, 2026 11:30am","March 28th, 2026 12:00pm",,Media and Civics
"March 28, 2026 11:30 AM - 12:00 PM",@leijiew.bsky.social,Leijie Wang,,,,,,,VLerG2y,Understanding the Landscape of Custom Feeds on Bluesky,Day 3 Slot 4 c,Understanding the Landscape of Custom Feeds on Bluesky,"Bluesky’s custom feeds allow users to create, govern, and share their own algorithmic feeds, shifting curation away from platform control. To understand how this ecosystem works in practice, we interviewed 26 Bluesky feed creators and third-party tool developers and analyzed 97,719 existing custom feeds. We find that hobbyist labor is central to sustaining the ecosystem, but creators face recurring challenges around maintenance, visibility, and long-term viability. Based on these findings, we lay out design implications for designing usable decentralized social media.",Room 2301,Presentation,Session,"March 28th, 2026 11:30am","March 28th, 2026 12:00pm",,Community
"March 28, 2026 01:30 PM - 02:00 PM",@sandrabarthel.bsky.social,Sandra Barthel,,,,,,,QKlrLXG,Advocating for Digital Sovereignty: European Experiences and Global Lessons ,Day 3 Slot 5 b,Advocating for Digital Sovereignty: European Experiences and Global Lessons ,"The concept of digital sovereignty has rapidly gained momentum in both Canada and Europe, reflecting growing concerns about who controls our digital infrastructure, data, and public discourse. Nowhere is this debate more dynamic than in the European Union, where lawmakers and advocacy organizations are actively shaping the future of the social web and the digital public sphere. As the founder of the Alliance of Open Networks and Democratic Public Spheres and a recent participant in the EU Summit on Digital Sovereignty, I will examine the communication strategies advocacy groups use to shape public discourse, build alliances, and engage with policymakers and the media. Attendees will understand how digital sovereignty is being debated in the EU, learn about the specific demands and advocacy tactics of European digital rights organizations, with a focus on open protocols, decentralized networks, and democratic governance. The goal of this talk is to identify opportunities for cross-border collaboration and knowledge exchange. In a year when digital policy is at the forefront of public debate, this talk offers timely, in-depth insights from the European experience, providing both inspiration and practical guidance for building a more open, decentralized, and democratic digital future.",Performance Theater,Presentation,Session,"March 28th, 2026 1:30pm","March 28th, 2026 2:00pm",,Media and Civics
"March 28, 2026 01:30 PM - 02:00 PM",@mk.gg,Matt Kane,,,,,,,XxP4RzL,"Building Cirrus: a single-user, serverless PDS",Day 3 Slot 5 c,"Building Cirrus: a single-user, serverless PDS","The reference PDS implementation is a powerful Node.js monolith designed for scale, but it's overkill for a single user who just wants to own their data. This talk introduces Cirrus, an alternative PDS built on Cloudflare Workers that scales to zero and costs pennies to run. We'll explore the technical challenges of implementing the AT Protocol in a serverless environment – you'll learn how to handle long-lived firehose connections using Durable Objects with WebSocket hibernation, and maintain repository consistency with embedded SQLite.",Room 2301,Presentation,Session,"March 28th, 2026 1:30pm","March 28th, 2026 2:00pm",,Development and Protocol
"March 28, 2026 02:00 PM - 02:30 PM",ivansigal.bsky.social,Ivan Sigal,,,,,,,OD2PpYA,Open social tech and geopolitical risk,Day 3 Slot 6 b,Open social tech and geopolitical risk,"The AT Protocol was developed as a decentralized alternative to big tech; it wasn’t envisioned as a response to authoritarian state power.  Now, however, ATProto’s openness is also potentially a source of vulnerability. What are the potential threats, and how can they be countered? We’ll explore a brief history of networked authoritarianism, and consider options and strategies to manage ATProto in adversarial political environments.",Performance Theater,Presentation,Session,"March 28th, 2026 2:00pm","March 28th, 2026 2:30pm",,Media and Civics
"March 28, 2026 02:00 PM - 02:30 PM",@tylerjfisher.com,Tyler Fisher,,,,,,,MelQ8Ak,Rethinking the Client: Why User Choice is the Key to Growth for ATProto,Day 3 Slot 6 c,Rethinking the Client: Why User Choice is the Key to Growth for ATProto,"To grow the ATProto user base, the developer community needs to offer client experiences that surpass the Web 2.0 experience. Tyler Fisher, the creator of Sill and [Tyler's Currently Untitled Sports Client], will present the challenges and opportunities around building better clients that entice users to leave existing social platforms. Attendees will learn about strategies for building new clients on top of existing lexicons and opportunities for shared infrastructure.",Room 2301,Presentation,Session,"March 28th, 2026 2:00pm","March 28th, 2026 2:30pm",,Community
"March 28, 2026 02:30 PM - 03:00 PM",@joe.germuska.com,Joe Germuska,Ben Werdmuller,@werd.io,,,,,EkGROKB,A Free Press needs Free Protocols,Day 3 Slot 7 b,A Free Press needs Free Protocols,"Proprietary social media platforms intermediate the two main things journalism needs to survive: attention and revenue. Drawing from our combined experience building tech for newsrooms from the Chicago Tribune to ProPublica, we'll explore how building on protocols, not platforms could create a media environment where both publishers and audiences control their own destiny. Two veteran news/open social web nerds have ideas about what this could look like in practice (and want to hear yours!)",Performance Theater,Presentation,Session,"March 28th, 2026 2:30pm","March 28th, 2026 3:00pm",,Community
"March 28, 2026 03:00 PM - 03:30 PM",@aendra.com,Aendra Rininsland,,,,,,,PdJ6Q8d,Journalism must create its own algorithms,Day 3 Slot 8 b,Journalism must create its own algorithms,"There is now an abundance of evidence that corporate social media owners are putting their thumb on the algorithmic scale. Between increasing the visibility of far-right viewpoints, shadowbanning content with external links, and the disintermediation of media orgs through AI-based summary results, it is an incredibly challenging time to be in the news business.

There is one bright spot, however: ATProto. 

Join Aendra Rininsland, creator of the News and Trending News feeds, as she discusses why it's not just possible for the media industry to create its own algorithms for news content, but also profoundly necessary for the future of quality journalism.",Performance Theater,Presentation,Session,"March 28th, 2026 3:00pm","March 28th, 2026 3:30pm",,Media and Civics
"March 28, 2026 02:30 PM - 03:00 PM",cameron.stream,Cameron Pfiffer,,,,,,,9qkWqPG,Building Future of Artificial Intelligence on AT Protocol,Day 3 Slot 7 c,Building Future of Artificial Intelligence on AT Protocol,"The future of AI is collective intelligence, not a single superintelligent model. The infrastructure to support that collective already exists: portable identity, public reputation, federated coordination. 

My talk uses evidence from months of running social AI to argue that ATProtocol is uniquely suited to be the foundation for AI collective intelligence, and what I expect to come next. ",Room 2301,Presentation,Session,"March 28th, 2026 2:30pm","March 28th, 2026 3:00pm",,Development and Protocol
"March 28, 2026 03:00 PM - 03:30 PM",kobi.bsky.social,Kobi Gurkan,,,,,,,gDP6A8N,Account logic in ATProto using Trusted Execution Environments,Day 3 Slot 8 c,Account logic in ATProto using Trusted Execution Environments,"See https://www.notion.so/ATmosphere-conf-talks-2d45c481e23180008c7cf7c9551904b8?source=copy_link

",Room 2301,Presentation,Session,"March 28th, 2026 3:00pm","March 28th, 2026 3:30pm",,Development and Protocol
"March 28, 2026 04:00 PM - 04:10 PM",@pop.pe,Glenn Poppe,,,,,,,lbkWPeN,Oaklog: Building a community calendar in the Oakland Bay Area,Day 3 Lightning talk b 1,Oaklog: Building a community calendar in the Oakland Bay Area,"Our working group (oaklog.org) is collaborating with local media publications, civic organizations, community leaders, and local venues to build a digital commons for event listings in the Oakland Bay Area. We'll share findings from our work co-designing with local information stewards and how we're exploring AT Protocol as a municipal utility that makes local data reliable, accessible, and reusable across organizations and tools.",Performance Theater,Lightning Talk,Session,"March 28th, 2026 4:00pm","March 28th, 2026 4:10pm",,Media and Civics
"March 28, 2026 04:00 PM - 04:10 PM",@immber.bsky.social,Jessie Rushing,,,,,,,9qP16Kp,Stop Hallucinating the Protocol: Grounding your AI Agents with the Official ATproto Docs,Day 3 Lightning talk c 1,Stop Hallucinating the Protocol: Grounding your AI Agents with the Official ATproto Docs,"Unleash the full power of the AT Protocol documentation for your AI agents. In this lightning talk, Jessie will show you how to feed your agent the exact documentation it needs when it needs it. You will learn how to query the current official documentation through a remote MCP server, making it quicker and easier to build ATproto apps.",Room 2301,Lightning Talk,Session,"March 28th, 2026 4:00pm","March 28th, 2026 4:10pm",,Development and Protocol
"March 28, 2026 04:30 PM - 04:40 PM",@robin.berjon.com,Robin Berjon,,,,,,,ZjMOl7o,Matadata! Publishing scientific data straight to AT,Day 3 Lightning talk c 4,Matadata! Publishing scientific data straight to AT,Project Matadata is a project to publish and read science metadata directly to AT. This makes scientific data accessible in verified ways and widely disseminated. ,Room 2301,Lightning Talk,Session,"March 28th, 2026 4:30pm","March 28th, 2026 4:40pm",,Development and Protocol
"March 28, 2026 04:30 PM - 05:00 PM",@sebastian.eurosky.social,Sebastian Vogelsang,,,,,,,ja4ooAa,Building Public-Interest Infrastructure on ATProto,Day 3 Slot 10 b,Building Public-Interest Infrastructure on ATProto,"Eurosky is a European initiative building shared ATProto infrastructure operated under EU law: PDS, relays, AppView capacity, and protocol-level moderation services. This talk explains why social media must be treated as critical infrastructure, how self-certifying data enables real separation of powers, and how a shared-cost moderation model lets independent developers comply with diverse legal regimes without central platform control.",Performance Theater,Presentation,Session,"March 28th, 2026 4:30pm","March 28th, 2026 5:00pm",,Media and Civics
"March 28, 2026 05:00 PM - 05:30 PM",@holke.xyz,Holke Brammer,,,,,,,J9EgEdX,"Hypercerts on ATProto: Collective Funding, Evaluation, and Ownership as Social Data",Day 3 Slot 11 b,"Hypercerts on ATProto: Collective Funding, Evaluation, and Ownership as Social Data","This talk introduces hypercerts as a primitive for collective funding. It shows how activities, evidence, and plural evaluations can be published as durable records without relying on centralized platforms or single metrics. Attendees will learn how ATProto’s identity, record, and graph model enables new allocation mechanisms in which information production is endogenous and reusable across applications. The session connects protocol architecture with real-world funding workflows, offering concrete patterns others can adapt for funding public goods and collective action.",Performance Theater,Presentation,Session,"March 28th, 2026 5:00pm","March 28th, 2026 5:30pm",,Development and Protocol
"March 28, 2026 04:40 PM - 04:50 PM",@jeremie.com,Jer Miller,,,,,,,000Jer,The Future of Open Source is Social,Day 3 Lightning talk c 6,The Future of Open Source is Social,"open source changed the world, but now it’s stuck in the age of pull requests and gatekeepers. what happens when you build it on a social protocol instead? (and complimentary to tangled) jeremie miller — creator of XMPP (the protocol behind whatsapp, zoom, and billions of daily messages) and bluesky board member — will demo something new built entirely on AT Protocol that reimagines how open source software gets discovered, shared, and trusted. this one’s going to break some brains.",Room 2301,Lightning Talk,Session,"March 28th, 2026 4:40pm","March 28th, 2026 4:50pm",,Development and Protocol
"March 28, 2026 04:30 PM - 04:40 PM",psyverson.bsky.social,Paul Syverson,,,,,,,000Syverson,Paul Syverson Lightning Talk,Day 3 Lightning talk c 5,Paul Syverson Lightning Talk,TBD,Room 2301,Lightning Talk,Session,"March 28th, 2026 4:30pm","March 28th, 2026 4:40pm",,Development and Protocol
"March 28, 2026 04:50 PM - 05:00 PM",@mmccue.bsky.social,Mike McCue,,,,,,,81Xovjr,Feeds Are The New Websites,Day 3 Slot 10 c,Feeds Are The New Websites,"How can we bring the open social web to millions more people? In 2 minutes, we'll show you how to curate content and create community that others can engage with from anywhere. Let's decentralize custom feeds and make them as easy to find and engage with as a website.",Room 2301,Lightning Talk,Session,"March 28th, 2026 4:50pm","March 28th, 2026 5:00pm",,Community
"March 28, 2026 05:00 PM - 05:30 PM",@iame.li,Eli Mallon,,,,,,,RGqppqd,How Streamplace Works: VODs,Day 3 Slot 11 c,How Streamplace Works: VODs,"Here's a hard-won lesson from a video engineer: if you're gonna do both livestreaming and VOD, do livestreaming first, it's harder. And hey, livestreaming is working pretty good. Here's how we're going to do VOD, and here's why the architecture looks pretty much like building a globally-distributed fleet of atproto PDS and Relays. And here's how you can join!",Room 2301,Presentation,Session,"March 28th, 2026 5:00pm","March 28th, 2026 5:30pm",,Development and Protocol
"March 29, 2026 10:00 AM - 10:30 AM",@tylerjfisher.com,Tyler Fisher,,,,,,,VLXBbzJ,How and Why News Organizations Should Build on the ATProtocol,Day 4 Slot 1 b,How and Why News Organizations Should Build on the ATProtocol,"For decades, news organizations have chased audiences on proprietary social platforms where they have no control over how their content is delivered. The ATProtocol offers a chance for news organizations to start fresh and participate as first-class citizens in the open social web. In this panel, we will discuss strategies for getting started on ATProto as a news organization and the potential benefits of moving early.",Performance Theater,Discussion / Panel,Session,"March 29th, 2026 10:00am","March 29th, 2026 10:30am",,Media and Civics
"March 29, 2026 10:30 AM - 11:00 AM",@cypherhippie.bsky.social,Paul Fuxjäger,,,,,,,jaAWVRY,Bringing Self Sovereign Identities to the Masses via ATproto (and how to maximize coherence between upcoming DID:PLC forks),Day 4 Slot 2 b,Bringing Self Sovereign Identities to the Masses via ATproto (and how to maximize coherence between upcoming DID:PLC forks),"I will make the case that DID:PLC forks will inevitably emerge as the wider atproto ecosystem keeps gaining global relevance: pressure on the governance model of the identity system will increase to a point where conflicts (e.g. over which DID suspension requests should be honored and which should be ignored) cannot be easilly resolved within a ‘permissioned consortium’ (as proposed in https://atproto.com/guides/identity) anymore. It seems evident that we can only argue about WHEN this will happen, not IF it will happen.

In order to be able to maintain coherent UI experiences (without threads looking more and more broken due to different forks being used in different appviews) it seems necessary to extend the adversarial design patterns at the heart of the bluesky project (‘the company is the future adversary’) to the governance model of the underlying DID:PLC identity system: ‘the consortium will become target of future adversaries’.

Can permissionless observatory networks help?
Can we avoid using cryptoeconomics?
What other options seem useful?

During this presentation, I will present the results of my ongoing PhD research project on these questions.

---

About me:

I'm part of a small team (including Marcus Sabadello, co-author and editor of the DID specification) that started to advocate for the adoption of DIDs within ActivityPub networks back in 2018 (predating Jay Graber’s ecosystem review and the birth of the bluesky project).

https://github.com/WebOfTrustInfo/rwot9-prague/blob/master/topics-and-advance-readings/fediverse-did-integration.md

https://chaos.social/@cypherhippie/102270069807129706

Link to a (somewhat cringe) video for a grant application in 2018: https://youtu.be/UJn7cLNh_q8?t=85

Recent talk at fediday berlin:
Protocol Convergence within Open Science Communication Networks
https://fair.tube/w/p/2PEFZ5cdptsVASU4HTUakA

Upcoming presentation at fosdem:
Increasing Long Term Stability of Relations Between Fediverse Identities using SSI
https://fosdem.org/2026/schedule/event/RZRZ9P-increasing_long_term_stability_of_relations_between_fediverse_identities_using_s/",Performance Theater,Presentation,Session,"March 29th, 2026 10:30am","March 29th, 2026 11:00am",,Development and Protocol
"March 29, 2026 11:00 AM - 11:30 AM",@jonathanwarden.com,Jonathan Warden,,,,,,,1AzdYWM,Bluenotes: Community Notes for ATProto,Day 4 Slot 3 b,Bluenotes: Community Notes for ATProto,"I'll briefly demonstrate Bluenotes, a fork of the Bluesky with Community Notes. Then I'll discuss a proposed ""Open Community Notes"" standard and lexicon for Community Notes on ATProto, and discuss challenges such as preserving contributor anonymity and defending against manipulation.",Performance Theater,Presentation,Session,"March 29th, 2026 11:00am","March 29th, 2026 11:30am",,Development and Protocol
"March 29, 2026 11:30 AM - 12:00 PM",@chipnick.com,Evelyn Osman,,,,,,,q4qlVLY,Community privacy in a decentralized network,Day 4 Slot 4 b,Community privacy in a decentralized network,"How we can build a community that is on ATproto with content that can be contained to users within their community boundary, a form of privacy without forcing us completely off the protocol. Rather than focusing on how to handle private data with the dimensions of access we will implement a design that functions at the appview allowing any client to see it.",Performance Theater,Presentation,Session,"March 29th, 2026 11:30am","March 29th, 2026 12:00pm",,Development and Protocol
"March 29, 2026 10:00 AM - 10:30 AM",@meri.garden,Meri Leeworthy,,,,,,,Mej2N5X,Making space for the Protoverse,Day 4 Slot 1 c,Making space for the Protoverse,"Roomy is a group messaging app that gives online communities tools for autonomous collaboration — designable spaces not just for chat, but for cultivating a web of shared understanding together.

We show how cheap, user-controlled, interoperable data on ATProto can enable online communities to channel impassioned mobilizing into sustained organizing in the shadow of Big Tech's empire.",Room 2301,Presentation,Session,"March 29th, 2026 10:00am","March 29th, 2026 10:30am",,Community
"March 29, 2026 10:30 AM - 11:00 AM",@vicwalker.dev.br,Victoria Machado de Oliveira,,,,,,,WOkL11Q,How to have more non-english speaking users,Day 4 Slot 2 c,How to have more non-english speaking users,"I would give real examples from Bluesky and other ATmosphere apps that are keeping more international users away (being too US-centric), and propose some ideas to improve it, and guidelines that new apps could follow to avoid the problem more easily. I can also explain my work through ATBrasil (@atproto.com.br) to bridge the tech and non-tech communication to Brazilians, and my previous collaborations translating multiple apps (how to set up localizations).",Room 2301,Discussion / Panel,Session,"March 29th, 2026 10:30am","March 29th, 2026 11:00am",,Community
"March 29, 2026 11:00 AM - 11:30 AM",@signez.fr,Stanislas Signoud (Signez),,,,,,,zxRkxk8,Blousques: Case Study on the Challenges in Translating Bluesky's UI,Day 4 Slot 3 c,Blousques: Case Study on the Challenges in Translating Bluesky's UI,"Translating Bluesky's user interface into French was the easy part. Making it feel ‘native’ to users is something else entirely!

I18n is common in software, yet Bluesky has specific challenges: should we translate it using gender-neutral terms? How to translate names embedded on-protocol? How to translate features not yet released, as an external, voluntary contributor?

Translating the UI is also a good way to spot what is really missing in the daily lives of non-English users of the platform.",Room 2301,Presentation,Session,"March 29th, 2026 11:00am","March 29th, 2026 11:30am",,Development and Protocol
"March 29, 2026 11:30 AM - 12:00 PM",@linguangst.bsky.social,lindsay blackwell,,,,,,,eqVMWz0,Content Moderation Futures,Day 4 Slot 4 c,Content Moderation Futures,"Contemporary social media platforms wield extraordinary influence over public discourse—yet their governance practices are frequently characterized as opaque, unfair, and ineffective. While experts agree that successful content moderation is principled, consistent, contextual, proactive, transparent, and accountable, technology companies repeatedly fail to achieve these goals at scale. Drawing on participatory research with various content moderation professionals, this talk identifies structural barriers to effective platform governance and explores potential solutions. Attendees will gain a more intimate understanding of the values, challenges, and contradictions that ultimately determine how platforms are governed, including practical strategies for promoting more equitable social media futures.",Room 2301,Presentation,Session,"March 29th, 2026 11:30am","March 29th, 2026 12:00pm",,Media and Civics
"March 29, 2026 01:30 PM - 02:00 PM",gov.glados.computer,Govind Mohan,,,,,,,EkexvrN,~~Compete or kill~~ Cooperate and Succeed!,Day 4 Slot 5 b,~~Compete or kill~~ Cooperate and Succeed!,"Products no longer need to steal another killer feature that's on another app, they can just share it! This presentation will go through a product I'm working on that uses lexicons to integrate bidirectionally with a few other applications on the protocol. Future considerations could involve collaborative UI components for a lexicon.",Performance Theater,Presentation,Session,"March 29th, 2026 1:30pm","March 29th, 2026 2:00pm",,Development and Protocol
"March 29, 2026 02:00 PM - 02:30 PM",@maxine.science,Maxine Levesque,,,,,,,q4QAgVk,Building decentralized AI on atproto,Day 4 Slot 6 b,Building decentralized AI on atproto,"With a renewed push in the AI field toward smaller, distilled models, the community outside the Big Labs™️ has greater and greater power to shape AI's future. @maxine.science will share a story of how Forecast Bio is building tools on atproto for (1) distributed, structured, streamable AI training data, and (2) a full phylogeny of model weights and evals across different training paths. Attendees will see how open infra built on atproto can put the frontier of AI back in the community's hands.",Performance Theater,Presentation,Session,"March 29th, 2026 2:00pm","March 29th, 2026 2:30pm",,Development and Protocol
"March 29, 2026 02:30 PM - 03:00 PM",@baldemo.to,Baldemar Motomochi,,,,,,,WObY04Q,furryli.st: Scaling Community and Belonging in an Outrage-Driven World,Day 4 Slot 7 b,furryli.st: Scaling Community and Belonging in an Outrage-Driven World,"In an era where engagement-driven algorithms prioritize outrage over connection, how do we build online spaces that actually feel like home? We present furryli.st as a case study for the 'Curated Cluster' — a community defined not by black-box algorithms, but by shared values, human curation, and the protection of marginalized voices. We explore how to build communities that offer the safety and protection of the 'cozy web' without sacrificing the reach and discoverability of the open network.",Performance Theater,Presentation,Session,"March 29th, 2026 2:30pm","March 29th, 2026 3:00pm",,Community
"March 29, 2026 03:00 PM - 03:30 PM",@dame.is,Dame,,,,,,,9qjDJZG,From Toilets to Moths: The Future of Social Media is Weird and Not For Everyone,Day 4 Slot 8 b,From Toilets to Moths: The Future of Social Media is Weird and Not For Everyone,"Over the course of 12 months, I created a dozen ATmosphere based projects, apps, and experiences ranging from a decentralized toilet to a client interface named after a moth. Collectively these projects amassed 100,000 unique visitors and over half a million page views. Each project took me deeper and deeper into the world of the AT Protocol and showed me what the future of social media might look like... and what it could take to get there. Over the course of this presentation I will share the lessons I learned and what I think it means for the future of social media.",Performance Theater,Presentation,Session,"March 29th, 2026 3:00pm","March 29th, 2026 3:30pm",,Development and Protocol
"March 29, 2026 04:10 PM - 04:20 PM",@calabro.io,Jim Calabro,,,,,,,QKNkKMX,Scaling the Atmosphere,Day 4 Lightning talk c 2,Scaling the Atmosphere,Lessons learned from building and scaling atproto and bsky.app. How do you move beyond an appview powered by a single sqlite? How are we at Bluesky PBC building scalable and reliable infrastructure that can A) be provided as a service and B) be run by self-hosters. What's next for us and the ecosystem scaling-wise?,Room 2301,Lightning Talk,Session,"March 29th, 2026 4:10pm","March 29th, 2026 4:20pm",,Development and Protocol
"March 29, 2026 04:20 PM - 04:30 PM",@sarava.net,Ramalingam Saravanan,,,,,,,xX5yRJr,Skylimit: A curating web client with fine-grained controls to mimic the newspaper experience ,Day 4 Lightning talk c 3,Skylimit: A curating web client with fine-grained controls to mimic the newspaper experience ,"The goal of many social media platforms is to maximize your screen time. Skylimit is a curation algorithm designed to optimize your limited screen time. It attempts to answer the following question: If I decide to limit myself to viewing, say, 500 posts per day (on average), what is the best way to manage my Following Feed?

As a Bluesky user who follows many people, I would like to view the most relevant and interesting posts in my feed. This is similar to the decisions editors make when populating a fixed number of pages in a printed newspaper—they must choose from news items on numerous topics, regular pieces by columnists, and more. Skylimit aims to mimic aspects of the print news reading experience in the digital world by creating a curated version of the Following Feed with statistical settings for each followee that go beyond just muting.

The talk will discuss the various trade-offs involved in achieving this goal and demonstrate a prototype Bluesky web client (skylimit.dev) that implements the curation algorithm. Issues to be discussed include: how to (statistically) select and display “important” posts, handling “quiet posters,” and presenting periodic digest editions.",Room 2301,Lightning Talk,Session,"March 29th, 2026 4:20pm","March 29th, 2026 4:30pm",,Development and Protocol
"March 29, 2026 04:00 PM - 04:10 PM",@nickthesick.com,Nicholas Perez,,,,,,,q4QdXj7,ATProto design philosophy behind BookHive,Day 4 Lightning talk b 1,ATProto design philosophy behind BookHive,"This talk will go into depth on the design philosophy that underpins my project BookHive, a book tracking application comparable to Goodreads. The main point is a call to action that we should give users' agency over their data, by aiming to make the data that we store in their PDS as interoperable as possible. This means more than just recording IDs in their PDS, actually giving them the data that you use to construct your application.",Performance Theater,Lightning Talk,Session,"March 29th, 2026 4:00pm","March 29th, 2026 4:10pm",,Development and Protocol
"March 29, 2026 04:00 PM - 04:10 PM",@raedisch.net,Jasper Rädisch,,,,,,,5B02jaM,Keywords vs Embeddings,Day 4 Lightning talk c 1,Keywords vs Embeddings,"Insights from building discovery feeds: from naive keyword extraction to naive embedder usage to better insights into how both work and might be combined to understand and match Bluesky posts(-ers). Based on your feedback I can make this more or less ATproto specific (e.g. scraping pitfalls), also more or less technical, leaning towards less technical. A light intro to TF-IDF (sparse) vs EmbeddingGemma (dense) vectors.",Room 2301,Lightning Talk,Session,"March 29th, 2026 4:00pm","March 29th, 2026 4:10pm",,Development and Protocol
"March 29, 2026 04:30 PM - 05:00 PM",@nonbinary.computer,Orual,,,,,,,ZjL74D0,Jacquard Magic: how to make atproto actually easy with Rust,Day 4 Slot 10 b,Jacquard Magic: how to make atproto actually easy with Rust,"Retrospective on development of Jacquard. The process of seeing a need/gap, both for oneself and others, and then filling it. Covering implementation details (see https://alpha.weaver.sh/nonbinary.computer/Jacquard/jacquard_magic for a written example of the kind of thing that would be included), challenges, decision-making, why Rust.

Could include workshop component where people write some Rust atproto code. No previous Rust experience required, I'd provide a getting started template and such.",Performance Theater,Presentation,Session,"March 29th, 2026 4:30pm","March 29th, 2026 5:00pm",,Development and Protocol
"March 29, 2026 05:00 PM - 05:30 PM",@hilk.eu,Hilke Ros,,,,,,,A7YLlpl,"An artist dreaming in the Atmosphere: visions about commmunity, sustainability and creativity",Day 4 Slot 11 b,"An artist dreaming in the Atmosphere: visions about commmunity, sustainability and creativity","Sharing visions about how artists could thrive in the ATProto ecosystem:
1. building community and inspiration in different paces, with an artist curated app, from microvisuals, microblogging to book clubs and music shows.
2. financial sustainability: a proposal for artist owned music distribution and licensing from the PDS
3. creativity: redefining composition techniques with ATProto technology",Performance Theater,Presentation,Session,"March 29th, 2026 5:00pm","March 29th, 2026 5:30pm",,Community
"March 29, 2026 01:30 PM - 02:00 PM",@drkalyn.blacksky.team,Dr. KaLyn Coghill,,,,,,,2E9XG1b,Creating a Safer Web: Blacksky's Moderation Tool,Day 4 Slot 5 c,Creating a Safer Web: Blacksky's Moderation Tool,"In this presentation, I will discuss our moderation service, how we use Polis to bring the community in to make decisions on creating new labels, and some of the best practices among our volunteer moderators and Trust and Safety team. The goal is to give others (communities and developers) on the protocol some ideas to think about when spinning up their own moderation tools. ",Room 2301,Presentation,Session,"March 29th, 2026 1:30pm","March 29th, 2026 2:00pm",,Community
"March 29, 2026 02:00 PM - 02:30 PM",@scoiattolo.mountainherder.xyz,D Scarnecchia,,,,,,,LZ4oWrj,Two Years of Skywatch: Lessons Learned for Community Moderation,Day 4 Slot 6 c,Two Years of Skywatch: Lessons Learned for Community Moderation,"What has it been like to run a large community labeler over the course of two years? I'll focus heavily on lessons learned, including reflections on what and who it serves, the missteps and pitfalls made along the way, and what I would do differently if I were to start all over again.

I'll reflect on how I've come to view community labeling is distinct from Trust & Safety or moderation and the role it can still play in the ecosystem, along with thoughts on what directions the labeler ecosystem might explore in the future.",Room 2301,Presentation,Session,"March 29th, 2026 2:00pm","March 29th, 2026 2:30pm",,Community
"March 29, 2026 02:30 PM - 03:00 PM",@cassidyjames.com,Cassidy James Blaede,,,,,,,0Qq9NlZ,Coop: Open source Trust & Safety infrastructure for all,Day 4 Slot 7 c,Coop: Open source Trust & Safety infrastructure for all,"As protocols and platforms grow, so do the demands of trust and safety dashboards, human review queues, and automated policy enforcement—yet most trust and safety solutions remain closed, proprietary, reinvented in isolation, and too often out of reach for smaller and decentralized platforms.

Robust Open Online Safety Tools (ROOST) is building a different future: one where the trust and safety tools that form this critical layer of Internet infrastructure are open, transparent, community-governed, and usable by platforms and organizations of all sizes. Attendees will get a quick refresher on what “trust and safety” means, hear how ROOST is succeeding with a non-profit and open source approach; see a demo of the open source Coop review tool in action; and finally, learn how to adopt and contribute to Coop and other open source trust and safety tools with ROOST.",Room 2301,Presentation,Session,"March 29th, 2026 2:30pm","March 29th, 2026 3:00pm",,Media and Civics
"March 29, 2026 03:00 PM - 03:30 PM",@hailey.at,Hailey Elizabeth,,,,,,,rjQp2Z2,ATProto and Osprey: Automating Moderation in the Atmosphere,Day 4 Slot 8 c,ATProto and Osprey: Automating Moderation in the Atmosphere,"Moderation at any scale is hard, but especially when your slice of the network starts growing and automation starts becoming necessary. We'll explore how anyone can build upon ROOST's Osprey moderation engine and other tools to moderate their ATProto applications, service providers, and more.",Room 2301,Presentation,Session,"March 29th, 2026 3:00pm","March 29th, 2026 3:30pm",,Development and Protocol
"March 29, 2026 04:30 PM - 04:40 PM",@filippo.abyssdomain.expert,Filippo Valsorda,,,,,,,000TLog,AT Transparency Logs: accountable record collections,Day 4 Lightning talk c 4,AT Transparency Logs: accountable record collections,"atproto lets us delete and modify records, which for social media is definitely good. But there are cases where you'd like to instead ensure everyone is seeing the same append-only set of records, forever: software releases, for example. That's what tlogs are for! tlogs are the technology that makes Certificate Transparency, the Go Checksum Database, Sigstore and Sigsum possible. atproto gives us everything we need to make a tlog: canonically hashed records and a global mechanism to access them. We can even make the tlog configuration in-protocol, letting multiple tlog operators work like any other AppView.",Room 2301,Lightning Talk,Session,"March 29th, 2026 4:30pm","March 29th, 2026 4:40pm",,Development and Protocol
"March 29, 2026 04:40 PM - 04:50 PM",@jan.wsocial.eu,Jan Lindblad,,,,,,,000WSocial,W Social,Day 4 Lightning talk c 5,W Social,W Social's origin story,Room 2301,Lightning Talk,Session,"March 29th, 2026 4:40pm","March 29th, 2026 4:50pm",,Media and Civics
"March 29, 2026 04:50 PM - 05:00 PM",,,,,,,,,,,Day 4 Lightning talk c 6,Day 4 Lightning talk c 6,,Room 2301,,Session,"March 29th, 2026 4:50pm","March 29th, 2026 5:00pm",,
"March 29, 2026 05:00 PM - 05:30 PM",goat.navy,Edmund Edgar,,,,,,,QKqWDrG,DID:PLC War Games,Day 4 Slot 11 c,DID:PLC War Games,"- What the current DID:PLC design does and doesn't protect
- What could possibly go wrong
- How we can strengthen the social layer
- Some approaches to making the technology more robust",Room 2301,Presentation,Session,"March 29th, 2026 5:00pm","March 29th, 2026 5:30pm",,Development and Protocol
