Submission ID,Speaker ID,Speaker Name,Type,Start Time,Talk Title,Proposal Description
WOkL11Q,@vicwalker.dev.br,Victoria Machado de Oliveira,Discussion / Panel,,How to have more non-english speaking users,"I would give real examples from Bluesky and other ATmosphere apps that are keeping more international users away (being too US-centric), and propose some ideas to improve it, and guidelines that new apps could follow to avoid the problem more easily. I can also explain my work through ATBrasil (@atproto.com.br) to bridge the tech and non-tech communication to Brazilians, and my previous collaborations translating multiple apps (how to set up localizations)."
GxEe0Vz,@darrin.bsky.team,Darrin Loeliger,Discussion / Panel,,Designing for the social web,A panel with prominent designers/builders from the community to talk about design. My colleague Jim Ray told me there are other designers interested in doing a panel. I'm open to any format that would be interesting to this community.
J9jEdWJ,@matt.bsky.team,Matt Reeder,Discussion / Panel,2026-03-28 10:30am,Is this even legal?,"I'm quite flexible but could either speak about, or moderate a discussion of, some of the unique aspects of operating on the protocol, rather than merely as an independent and self-containt app. These could include issues touching on content moderation and related appeals and dispute processes, copyright takedowns, data disclosures, right to be forgotten requests, etc."
kdobWjj,@komorama.bsky.social,Alex Komoroske,Discussion / Panel,,A Fireside Chat on Resonant Computing: Why we wrote the manifesto and where we go from here,"Resonant Computing manifesto co-authors Mike Masnick (Bluesky board member, Techdirt) and Alex Komoroske (Common Tools) discuss why they felt compelled to articulate an alternative vision for computing—one that's private, plural, and prosocial. They'll explore what resonance actually means in practice, why the ATProto community is uniquely positioned to build this future, and talk about the infrastructure work to make it real."
Y561Qv6,@eliot.sh,Eliot Hertenstein,Discussion / Panel,,From protocol to product: How Expo powers the next wave of AT Proto applications,"What does it actually take to build and ship an AT Proto app? This panel features developers who have done exactly that using Expo. We'll cover the full journey: authentication and OAuth, working with decentralized identity, deploying to app stores, and scaling to real users. Whether you're exploring AT Proto for the first time or ready to start building, you'll walk away with practical insights from people who've shipped."
81gXlXP,@quillmatiq.com,Anuj Ahooja,Lightning Talk,,State of the Multi-Protocol Social Web (name will change),"A breakdown of improvements in multi-protocol services, including Bridgy Fed and Bounce, and where those services are going in 2026. Some things include:

1. Direct integrations with platforms + client tools
2. Moderation improvements
3. Working with other multi-protocol services
4. Major updates coming to Bridgy Fed"
9qP16Kp,@immber.bsky.social,Jessie Rushing,Lightning Talk,,Stop Hallucinating the Protocol: Grounding your AI Agents with the Official ATproto Docs,"Unleash the full power of the AT Protocol documentation for your AI agents. In this lightning talk, Jessie will show you how to feed your agent the exact documentation it needs when it needs it. You will learn how to query the current official documentation through a remote MCP server, making it quicker and easier to build ATproto apps."
q4QdXj7,@nickthesick.com,Nicholas Perez,Lightning Talk,,ATProto design philosophy behind BookHive,"This talk will go into depth on the design philosophy that underpins my project BookHive, a book tracking application comparable to Goodreads. The main point is a call to action that we should give users' agency over their data, by aiming to make the data that we store in their PDS as interoperable as possible. This means more than just recording IDs in their PDS, actually giving them the data that you use to construct your application."
5B02jaM,@raedisch.net,Jasper Rädisch,Lightning Talk,,Keywords vs Embeddings,"Insights from building discovery feeds: from naive keyword extraction to naive embedder usage to better insights into how both work and might be combined to understand and match Bluesky posts(-ers). Based on your feedback I can make this more or less ATproto specific (e.g. scraping pitfalls), also more or less technical, leaning towards less technical. A light intro to TF-IDF (sparse) vs EmbeddingGemma (dense) vectors."
aQJAWl9,tynanpurdy.com,Tynan Purdy,Lightning Talk,,Affordances of the Atmosphere,"The AT Protocol introduces several affordances to social products which are unfamiliar to both product creators and users of social products. This presents a challenge in both imagining the new features and experiences made possible by the protocol and how to share those capabilities with users. I'll walk through a few of the unique powers of ATproto, what implications those have for how we build social products, and some thoughts on how to make it all make sense, and be compelling, for users."
dWGJ41y,chadtmiller.com,Chad Miller,Lightning Talk,,Abstracting the AppView,"Quick dive into AppViews. Talk about what an AppView is/does, explore different implementations/setups, and show how tools like quickslice can abstract that all away allowing you to focus on your lexicons and UI/UX."
ob8N65V,@timburks.me,Tim Burks,Lightning Talk,,How to use Bluesky to easily and securely preview a software product to users.,ATProto is a great way to manage identity! One of my favorite things about it is that it's vendor-neutral. I'll describe how I used ATProto to build self-service licensing and analytics for a software beta with no third-party dependencies.
686gZde,@timryan.org,Tim Ryan,Lightning Talk,,Using GraphQL to build with ATProto,"When developing applications, there are a lot of client technologies that can talk to server backends. ATProto is extensible, federated, and works with backend data stores; GraphQL is often fixed for a specific application, precompiled, and yet performs a somewhat similar function. Because GraphQL tooling is common for application development (e.g. Relay, Apollo) it would make sense to bridge these two technologies so developers can bootstrap ATProto applications with widely available tools. My talk would explain my deep dive into this (starting with an Expo App) and some thoughts about how this would scale to introduce more developers into the ATmosphere."
2EG4YMj,@buildwithtori.com,Victoria White,Lightning Talk,,"What 350,000 users taught me about growing on Open Social","In nine months, we grew Skylight Social from zero to over 350,000 downloads. This lightning talk distills the most important lessons from that journey; how to message open social to a broader audience, how to read user behavior over user requests, and which tools and collaborations actually scaled. It’s a practical look at what worked, what didn’t, and what I’d do again if I were starting today."
2EGLPML,@stephanjnoel.bsky.social,Stephan Noel,Lightning Talk,,Burning down data walls in the US Fire Service and Beyond,"My team at FSRI recently overhauled how all firefighters in the US report data with NERIS (https://neris.fsri.org/faqs).  I want to share insights I gained into how centralization and the resulting enshittification has played out in fire software and how NERIS hasn’t fully solved the problem.  I’d like to encourage more people to build fire (and other niche) software and create an open ecosystem of interoperable tools where fire department data ownership is at its heart and outline some opportunities and resources.
If time permits I may very quickly reference similar initiatives like FHIR and open banking."
xX5yRJr,@sarava.net,Ramalingam Saravanan,Lightning Talk,,Skylimit: A curating web client with fine-grained controls to mimic the newspaper experience ,"The goal of many social media platforms is to maximize your screen time. Skylimit is a curation algorithm designed to optimize your limited screen time. It attempts to answer the following question: If I decide to limit myself to viewing, say, 500 posts per day (on average), what is the best way to manage my Following Feed?

As a Bluesky user who follows many people, I would like to view the most relevant and interesting posts in my feed. This is similar to the decisions editors make when populating a fixed number of pages in a printed newspaper—they must choose from news items on numerous topics, regular pieces by columnists, and more. Skylimit aims to mimic aspects of the print news reading experience in the digital world by creating a curated version of the Following Feed with statistical settings for each followee that go beyond just muting.

The talk will discuss the various trade-offs involved in achieving this goal and demonstrate a prototype Bluesky web client (skylimit.dev) that implements the curation algorithm. Issues to be discussed include: how to (statistically) select and display “important” posts, handling “quiet posters,” and presenting periodic digest editions."
lbkWPeN,@pop.pe,Glenn Poppe,Lightning Talk,,Oaklog: Building a community calendar in the Oakland Bay Area,"Our working group (oaklog.org) is collaborating with local media publications, civic organizations, community leaders, and local venues to build a digital commons for event listings in the Oakland Bay Area. We'll share findings from our work co-designing with local information stewards and how we're exploring AT Protocol as a municipal utility that makes local data reliable, accessible, and reusable across organizations and tools."
Bzr448Q,jennie-gander.bsky.social,Jennifer Mitchell,Lightning Talk,,Why Gander Social?,A lightening talk showcasing Gander Social. Why we exist and how we interoperate.
81Xovjr,@mmccue.bsky.social,Mike McCue,Lightning Talk,,Feeds Are The New Websites,"How can we bring the open social web to millions more people? In 2 minutes, we'll show you how to curate content and create community that others can engage with from anywhere. Let's decentralize custom feeds and make them as easy to find and engage with as a website."
ZjMOl7o,@robin.berjon.com,Robin Berjon,Lightning Talk,,Matadata! Publishing scientific data straight to AT,Project Matadata is a project to publish and read science metadata directly to AT. This makes scientific data accessible in verified ways and widely disseminated. 
000Syverson,psyverson.bsky.social,Paul Syverson,Lightning Talk,,Paul Syverson Lightning Talk,TBD
OD6Gd0A,ronentk.me,Ronen Tamari,Lightning Talk,,Semble: Rediscovering the Magic of Trails,"Attendees will discover how ATProto can power more than microblogging—it can become the foundation for a new kind of collective intelligence. We'll explore Cosmik's vision for social knowledge networks where insights don't vanish into algorithmic feeds but become discoverable, interconnected building blocks owned by the people who create them. Through a quick demo of Semble, our knowledge-sharing tool for the Atmosphere, developers will see practical patterns for building apps that leverage ATProto's interoperability to create experiences feeds were never designed for—turning passive scrolling into active sensemaking."
MeWBzWX,@zeu.dev,Zeu,Presentation,2026-03-29 9:15am, A better NPM site is possible,"npmx is a new NPM registry website, and the developer community in building it in open source has grown to 140 members and over 800 commits in only two weeks. This talk will expand upon how to grow a developer focused community, not only in open source, but also as a gateway to AT Protocol through its social features and the atproto tools in its codebase."
Xxd7xqj,@rangakrishnan1.bsky.social,Ranga Krishnan,Lightning Talk,,E2EE DMs for Bluesky,"Demonstrate and explain how E2EE DMs were integrated into the Bluesky Social App using the Matrix protocol, and detail the benefits of this approach to for E2EE DMs. A Bluesky service using this integration will be live by the time of the conference and the audience will be able to sign up for the service. Additional services in verticals such as

- Bluesky Moderation
- Bluesky Commerce

leveraging E2EE DMs are in development now, and will be detailed in the presentation. "
QKNkKMX,@calabro.io,Jim Calabro,Lightning Talk,,Scaling the Atmosphere,Lessons learned from building and scaling atproto and bsky.app. How do you move beyond an appview powered by a single sqlite? How are we at Bluesky PBC building scalable and reliable infrastructure that can A) be provided as a service and B) be run by self-hosters. What's next for us and the ecosystem scaling-wise?
7Rr2zW6,@hypha.coop,Hypha Coop,Lightning Talk,,Pollen: Prototyping a toolkit for journalists and researchers to restore source transparency in an AI-saturated feed,"Pollen is a technical prototype by Hypha that enables journalists and researchers to anchor authenticated claims, such as photographer attribution and trusted timestamps, directly to their Personal Data Server. By attending this session, media professionals will learn how authenticated claims can protect the integrity of their reporting against generative AI ""slop"" and how a shared provenance layer empowers the community to collectively maintain digital facticity."
QKZoLBX,@billwpierce.co,Billy Pierce,Lightning Talk,,"How (de)centralized is Bluesky, really?","In this presentation, I will discuss a working paper on the functional (de)centralization of Bluesky. This includes the extent to which AT Protocol infrastructure is owned and operated by entities other than Bluesky Social (through a computational mapping of ownership of PDS endpoints), the implications this (de)centralization has for Bluesky Social's goals, and what might be done. Following the presentation of quantitative results and associated theory, there will be time for a Q&A and discussion. Looking forward to hearing from attendees about efforts to further decentralize AT Protocol infrastructure!"
obaP26x,@brittanyellich.com,Brittany Ellich,Presentation,,Who owns the group chat? Building collaborative spaces on ATProto,"Traditional social platforms centralize control of community spaces—the platform owns your group, your members, and your data. On ATProto, ownership, governance, and moderation become explicit design decisions. This talk explores building shared resources on a decentralized protocol—from data synchronization to governance models—drawing from real experience building community features and examples from other ATProto apps."
ZjL74D0,@nonbinary.computer,Orual,Presentation,,Jacquard Magic: how to make atproto actually easy with Rust,"Retrospective on development of Jacquard. The process of seeing a need/gap, both for oneself and others, and then filling it. Covering implementation details (see https://alpha.weaver.sh/nonbinary.computer/Jacquard/jacquard_magic for a written example of the kind of thing that would be included), challenges, decision-making, why Rust.

Could include workshop component where people write some Rust atproto code. No previous Rust experience required, I'd provide a getting started template and such."
zxRkxk8,@signez.fr,Stanislas Signoud (Signez),Presentation,,Blousques: Case Study on the Challenges in Translating Bluesky's UI,"Translating Bluesky's user interface into French was the easy part. Making it feel ‘native’ to users is something else entirely!

I18n is common in software, yet Bluesky has specific challenges: should we translate it using gender-neutral terms? How to translate names embedded on-protocol? How to translate features not yet released, as an external, voluntary contributor?

Translating the UI is also a good way to spot what is really missing in the daily lives of non-English users of the platform."
EkexvrN,gov.glados.computer,Govind Mohan,Presentation,,~~Compete or kill~~ Cooperate and Succeed!,"Products no longer need to steal another killer feature that's on another app, they can just share it! This presentation will go through a product I'm working on that uses lexicons to integrate bidirectionally with a few other applications on the protocol. Future considerations could involve collaborative UI components for a lexicon."
MelQ8Ak,@tylerjfisher.com,Tyler Fisher,Presentation,,Rethinking the Client: Why User Choice is the Key to Growth for ATProto,"To grow the ATProto user base, the developer community needs to offer client experiences that surpass the Web 2.0 experience. Tyler Fisher, the creator of Sill and [Tyler's Currently Untitled Sports Client], will present the challenges and opportunities around building better clients that entice users to leave existing social platforms. Attendees will learn about strategies for building new clients on top of existing lexicons and opportunities for shared infrastructure."
PdNOkAP,offline.arushibandi.com,Arushi Bandi,Presentation,,habitat: how to get away from skeumorphism on ATproto,"habitat is a personal server on and for ATproto. So far, we've built permissioned data with platform-level features, demonstrated through calendar, multiplayer notes, and photo-sharing app (and more by March!)
Last year, Rudy talked about getting away from skeuemorphism, and we show those possibilities through features such as record tagging and support for communities.

We hope this talk inspires people what more is possible on ATproto and to go and just build things!"
A7YLlpl,@hilk.eu,Hilke Ros,Presentation,,"An artist dreaming in the Atmosphere: visions about commmunity, sustainability and creativity","Sharing visions about how artists could thrive in the ATProto ecosystem:
1. building community and inspiration in different paces, with an artist curated app, from microvisuals, microblogging to book clubs and music shows.
2. financial sustainability: a proposal for artist owned music distribution and licensing from the PDS
3. creativity: redefining composition techniques with ATProto technology"
rjQp2Z2,@hailey.at,Hailey Elizabeth,Presentation,,ATProto and Osprey: Automating Moderation in the Atmosphere,"Moderation at any scale is hard, but especially when your slice of the network starts growing and automation starts becoming necessary. We'll explore how anyone can build upon ROOST's Osprey moderation engine and other tools to moderate their ATProto applications, service providers, and more."
QKqWDrG,goat.navy,Edmund Edgar,Presentation,,DID:PLC War Games,"- What the current DID:PLC design does and doesn't protect
- What could possibly go wrong
- How we can strengthen the social layer
- Some approaches to making the technology more robust"
aQ1J9GE,pfrazee.com,Paul Frazee,Presentation,2026-03-28 10:00am,2026 Atmosphere Report,"Paul Frazee, CTO of Bluesky, gives a report on the Atmosphere from Bluesky's point of view. New standards efforts, new protocol features, new developer tools and APIs - this year has it all. Paul will share what's going on, what Bluesky is working on, and why 2026 is going to be a great year for the Atmosphere."
rjQ96kl,@dholms.at,Daniel Holmgren,Presentation,,Protocol Governance & Hard Decentralization,"AT is entering a critical phase of maturation and becoming truly multi-stakeholder infrastructure. This talk covers the concrete steps both Bluesky and the AT ecosystem are taking to achieve ""hard decentralization"": forming an IETF working group to standardize the protocol, establishing independent governance for PLC, and implementing the technical foundations that make decentralization real - more and larger PDSes, seamless account portability, full network sync, and more.
"
q4qlVLY,@chipnick.com,Evelyn Osman,Presentation,,Community privacy in a decentralized network,"How we can build a community that is on ATproto with content that can be contained to users within their community boundary, a form of privacy without forcing us completely off the protocol. Rather than focusing on how to handle private data with the dimensions of access we will implement a design that functions at the appview allowing any client to see it."
VLa69bl,@jimray.bsky.team,Jim Ray,Presentation,,Publishing Without Platforms: Building Native Media on AT Protocol,"The web promised independent publishing. Social media delivered distribution. AT Protocol gives you both—without surrendering control to a platform.

This session is for journalists, newsletter writers, bloggers, and media technologists who are tired of algorithmic uncertainty and want to explore what native publishing looks like on an open protocol. We'll be talking about building publishing systems where you control your content, audience relationships, and distribution strategy."
EkGROKB,@joe.germuska.com,Joe Germuska,Presentation,,A Free Press needs Free Protocols,"Proprietary social media platforms intermediate the two main things journalism needs to survive: attention and revenue. Drawing from our combined experience building tech for newsrooms from the Chicago Tribune to ProPublica, we'll explore how building on protocols, not platforms could create a media environment where both publishers and audiences control their own destiny. Two veteran news/open social web nerds have ideas about what this could look like in practice (and want to hear yours!)"
ODqQQJA,@case.bsky.social,Amber Case,Presentation,,Waiting for the Future to Load ,"The Future is not what you think. People trained on self driving cars or notions from the 1950s are ill-prepared to see what's actually growing behind the scenes, out of public view. It's not like anything on social media right now. It's in the cracks, almost imperceptible. 

Often it's the opposite of what's been said for years. We've stayed in this timeline for a long time. What will it take to get out of the 2010s? "
ja4ooAa,@seabass.bsky.social,Sebastian Vogelsang,Presentation,,Building Public-Interest Infrastructure on ATProto,"Eurosky is a European initiative building shared ATProto infrastructure operated under EU law: PDS, relays, AppView capacity, and protocol-level moderation services. This talk explains why social media must be treated as critical infrastructure, how self-certifying data enables real separation of powers, and how a shared-cost moderation model lets independent developers comply with diverse legal regimes without central platform control."
gDPMMa1,devingaffney.com,Devin Gaffney,Presentation,2026-03-28 11:30am,"One Year of Graze - lessons learned funding, building, and growing in the atmosphere","I'll be sharing an abbreviated history of building Graze, our own product's theory of action and how it slots into our more broad theory of how the AT Protocol disrupts the existing social layer of the web. We'll move into successes and challenges with fundraising, what we learned during that process and what others should know. We'll wrap with our own theories on development in 2026, how we fully move beyond the ""skeuomorph"" era of ATProto."
q4QAgVk,@maxine.science,Maxine Levesque,Presentation,,Building decentralized AI on atproto,"With a renewed push in the AI field toward smaller, distilled models, the community outside the Big Labs™️ has greater and greater power to shape AI's future. @maxine.science will share a story of how Forecast Bio is building tools on atproto for (1) distributed, structured, streamable AI training data, and (2) a full phylogeny of model weights and evals across different training paths. Attendees will see how open infra built on atproto can put the frontier of AI back in the community's hands."
QK9Ae6Y,@rude1.blacksky.team,Rudy Fraser,Presentation,,Groundings with my Siblings: Lessons Learned Building for Community,"I had the privilege of discussing Blacksky and AT Protocol at several different college campuses, conference venues and other settings along with webinars and doing user research. I plan to share those learnings to help others build better products and how we particularly plan to incorporate those learnings from both a product and operations standpoint."
gDPLaGd,@emily.gorcen.ski,Emily Gorcenski,Presentation,2026-03-28 1:30pm,Did Lexicon just accidentally solve the enterprise data problem?,"One of the core ideas behind the Data Mesh architecture is that data products should be decentralized and domain-oriented. The main barrier to successfully implementing Data Mesh is that decades of data tooling have assumed that data governance and engineering teams are centralized. ATProto’s Lexicon data definition language, however, deftly balances both the “nouns” and “verbs” of data modeling, making it a promising candidate for implementing a decentrally-managed data architecture."
WObY04Q,@baldemo.to,Baldemar Motomochi,Presentation,,furryli.st: Scaling Community and Belonging in an Outrage-Driven World,"In an era where engagement-driven algorithms prioritize outrage over connection, how do we build online spaces that actually feel like home? We present furryli.st as a case study for the 'Curated Cluster' — a community defined not by black-box algorithms, but by shared values, human curation, and the protection of marginalized voices. We explore how to build communities that offer the safety and protection of the 'cozy web' without sacrificing the reach and discoverability of the open network."
LZxV6dv,@tessa.germnetwork.com,Tessa Brown,Presentation,2026-03-28 2:00pm,Consent Before Cryptography,"In this talk, Germ Network co-founder Tessa Brown identifies consent as a value for the ATProtocol community to center alongside shared values like self-determination, agency, and transparency. She discusses the ways that Germ is built for consent and illuminates new questions of consent that emerged from Germ’s integration with ATProto.
"
2E9XG1b,@drkalyn.blacksky.team,Dr. KaLyn Coghill,Presentation,,Creating a Safer Web: Blacksky's Moderation Tool,"In this presentation, I will discuss our moderation service, how we use Polis to bring the community in to make decisions on creating new labels, and some of the best practices among our volunteer moderators and Trust and Safety team. The goal is to give others (communities and developers) on the protocol some ideas to think about when spinning up their own moderation tools. "
LZ4oWrj,@scoiattolo.mountainherder.xyz,D Scarnecchia,Presentation,2026-03-28 2:30pm,Two Years of Skywatch: Lessons Learned for Community Moderation,"What has it been like to run a large community labeler over the course of two years? I'll focus heavily on lessons learned, including reflections on what and who it serves, the missteps and pitfalls made along the way, and what I would do differently if I were to start all over again.

I'll reflect on how I've come to view community labeling is distinct from Trust & Safety or moderation and the role it can still play in the ecosystem, along with thoughts on what directions the labeler ecosystem might explore in the future."
Mej2N5X,@meri.garden,Meri Leeworthy,Presentation,2026-03-29 10:00am,Making space for the Protoverse,"Roomy is a group messaging app that gives online communities tools for autonomous collaboration — designable spaces not just for chat, but for cultivating a web of shared understanding together.

We show how cheap, user-controlled, interoperable data on ATProto can enable online communities to channel impassioned mobilizing into sustained organizing in the shadow of Big Tech's empire."
ODxNLMM,@laurenshof.online,Laurens Hof,Presentation,,Who talks to whom? Coordination gaps in decentralised infrastructure,"ATProto aspires to power significant social networking infrastructure, but how its layered components (relays, labelers, AppViews, PDSes) should coordinate remains unclear. When a PDS provider bans an account, are there situations when other PDS providers should be notified? What happens when two AppViews make conflicting moderation decisions about the same content? This talk works through the practical coordination problems at each layer of the stack, draws on parallel situations from the fediverse, and proposes where the ecosystem needs to start building shared norms and documentation."
0Qq9NlZ,@cassidyjames.com,Cassidy James Blaede,Presentation,,Coop: Open source Trust & Safety infrastructure for all,"As protocols and platforms grow, so do the demands of trust and safety dashboards, human review queues, and automated policy enforcement—yet most trust and safety solutions remain closed, proprietary, reinvented in isolation, and too often out of reach for smaller and decentralized platforms.

Robust Open Online Safety Tools (ROOST) is building a different future: one where the trust and safety tools that form this critical layer of Internet infrastructure are open, transparent, community-governed, and usable by platforms and organizations of all sizes. Attendees will get a quick refresher on what “trust and safety” means, hear how ROOST is succeeding with a non-profit and open source approach; see a demo of the open source Coop review tool in action; and finally, learn how to adopt and contribute to Coop and other open source trust and safety tools with ROOST."
rj8Xv62,blaine.bsky.social,Blaine Cook,Presentation,,This Title Left Intentionally Blank,"Just putting up the offer to host a talk, or do a panel, or whatever makes sense. I could imagine another ""how to think about this stuff"" style talk, or a panel discussion about small communities on atproto, or a talk about experiences building on atproto, or a talk about roundabout specifically (with the caveat that we're not on the public PLCs)"
RGqppqd,@iame.li,Eli Mallon,Presentation,,How Streamplace Works: VODs,"Here's a hard-won lesson from a video engineer: if you're gonna do both livestreaming and VOD, do livestreaming first, it's harder. And hey, livestreaming is working pretty good. Here's how we're going to do VOD, and here's why the architecture looks pretty much like building a globally-distributed fleet of atproto PDS and Relays. And here's how you can join!"
XxP4RzL,@mk.gg,Matt Kane,Presentation,2026-03-28 10:00am,"Building Cirrus: a single-user, serverless PDS","The reference PDS implementation is a powerful Node.js monolith designed for scale, but it's overkill for a single user who just wants to own their data. This talk introduces Cirrus, an alternative PDS built on Cloudflare Workers that scales to zero and costs pennies to run. We'll explore the technical challenges of implementing the AT Protocol in a serverless environment – you'll learn how to handle long-lived firehose connections using Durable Objects with WebSocket hibernation, and maintain repository consistency with embedded SQLite."
9qjDJZG,@dame.is,Dame,Presentation,,From Toilets to Moths: The Future of Social Media is Weird and Not For Everyone,"Over the course of 12 months, I created a dozen ATmosphere based projects, apps, and experiences ranging from a decentralized toilet to a client interface named after a moth. Collectively these projects amassed 100,000 unique visitors and over half a million page views. Each project took me deeper and deeper into the world of the AT Protocol and showed me what the future of social media might look like... and what it could take to get there. Over the course of this presentation I will share the lessons I learned and what I think it means for the future of social media."
PdJ6Q8d,@aendra.com,Aendra Rininsland,Presentation,,Journalism must create its own algorithms,"There is now an abundance of evidence that corporate social media owners are putting their thumb on the algorithmic scale. Between increasing the visibility of far-right viewpoints, shadowbanning content with external links, and the disintermediation of media orgs through AI-based summary results, it is an incredibly challenging time to be in the news business.

There is one bright spot, however: ATProto. 

Join Aendra Rininsland, creator of the News and Trending News feeds, as she discusses why it's not just possible for the media industry to create its own algorithms for news content, but also profoundly necessary for the future of quality journalism."
QKlrLXG,@sandrabarthel.bsky.social,Sandra Barthel,Presentation,2026-03-28 2:30pm,Advocating for Digital Sovereignty: European Experiences and Global Lessons ,"The concept of digital sovereignty has rapidly gained momentum in both Canada and Europe, reflecting growing concerns about who controls our digital infrastructure, data, and public discourse. Nowhere is this debate more dynamic than in the European Union, where lawmakers and advocacy organizations are actively shaping the future of the social web and the digital public sphere. As the founder of the Alliance of Open Networks and Democratic Public Spheres and a recent participant in the EU Summit on Digital Sovereignty, I will examine the communication strategies advocacy groups use to shape public discourse, build alliances, and engage with policymakers and the media. Attendees will understand how digital sovereignty is being debated in the EU, learn about the specific demands and advocacy tactics of European digital rights organizations, with a focus on open protocols, decentralized networks, and democratic governance. The goal of this talk is to identify opportunities for cross-border collaboration and knowledge exchange. In a year when digital policy is at the forefront of public debate, this talk offers timely, in-depth insights from the European experience, providing both inspiration and practical guidance for building a more open, decentralized, and democratic digital future."
7Rrv0E0,@bad-example.com,fig,Presentation,2026-03-28 10:00am,Beyond Bluesky: Community infrastructure,"Bluesky, a VC-backed company, runs public infrastructure that's widely depended upon by ATProto builders.

Microcosm, a set of community-funded open-source infra, supports dozens of ATProto projects and growing.

I'll dive into AT-protocol-specific economics of operating and scaling public infrastructure, and look ahead at how we get to a sustainable and diverse infra future. All grounded in the day-to-day reality of actually running big indexes, caches, relays, jetstreams, a PLC mirror, ..."
jaAWVRY,@cypherhippie.bsky.social,Paul Fuxjäger,Presentation,,Bringing Self Sovereign Identities to the Masses via ATproto (and how to maximize coherence between upcoming DID:PLC forks),"I will make the case that DID:PLC forks will inevitably emerge as the wider atproto ecosystem keeps gaining global relevance: pressure on the governance model of the identity system will increase to a point where conflicts (e.g. over which DID suspension requests should be honored and which should be ignored) cannot be easilly resolved within a ‘permissioned consortium’ (as proposed in https://atproto.com/guides/identity) anymore. It seems evident that we can only argue about WHEN this will happen, not IF it will happen.

In order to be able to maintain coherent UI experiences (without threads looking more and more broken due to different forks being used in different appviews) it seems necessary to extend the adversarial design patterns at the heart of the bluesky project (‘the company is the future adversary’) to the governance model of the underlying DID:PLC identity system: ‘the consortium will become target of future adversaries’.

Can permissionless observatory networks help?
Can we avoid using cryptoeconomics?
What other options seem useful?

During this presentation, I will present the results of my ongoing PhD research project on these questions.

---

About me:

I'm part of a small team (including Marcus Sabadello, co-author and editor of the DID specification) that started to advocate for the adoption of DIDs within ActivityPub networks back in 2018 (predating Jay Graber’s ecosystem review and the birth of the bluesky project).

https://github.com/WebOfTrustInfo/rwot9-prague/blob/master/topics-and-advance-readings/fediverse-did-integration.md

https://chaos.social/@cypherhippie/102270069807129706

Link to a (somewhat cringe) video for a grant application in 2018: https://youtu.be/UJn7cLNh_q8?t=85

Recent talk at fediday berlin:
Protocol Convergence within Open Science Communication Networks
https://fair.tube/w/p/2PEFZ5cdptsVASU4HTUakA

Upcoming presentation at fosdem:
Increasing Long Term Stability of Relations Between Fediverse Identities using SSI
https://fosdem.org/2026/schedule/event/RZRZ9P-increasing_long_term_stability_of_relations_between_fediverse_identities_using_s/"
xXWE9Dv,@trezy.codes,Trezy Who,Presentation,,Data Sovereignty for Games (and Everything Else): Building Decentralized Industry Infrastructure on ATProto,"Game developers publish data across dozens of platforms they don't control... until payment processors or platform policies change the rules overnight. I'm building The Pentaract: both the lexicons and the management platform that let developers control their game data on ATProto, enabling true data sovereignty, player-owned achievements and saves, and decentralized modding systems. This talk breaks down how I'm using ATProto's distributed infrastructure to solve real industry problems, from scattered metadata to platform lock-in, and provides a blueprint for developers in any industry facing similar centralization challenges."
OD2G9j8,@chadfowler.com,Chad Fowler,Presentation,2026-03-28 10:30am,The Phoenix Architecture,"Phoenix Architecture is a way of thinking about software in a world where implementations can be rewritten faster than they can be understood. As AI shifts the economics from maintenance to regeneration, the real architectural questions move upstream: what must remain stable, what can safely change, and what breaks humans when it breaks at all. This talk offers a set of lenses (not answers) for reasoning about durability, trust, and coherence in long-lived systems. Attendees should leave with new instincts, sharper questions, and a sense that some of our deepest assumptions about software may need to be revisited."
9qkWqPG,cameron.stream,Cameron Pfiffer,Presentation,,Building Future of Artificial Intelligence on AT Protocol,"The future of AI is collective intelligence, not a single superintelligent model. The infrastructure to support that collective already exists: portable identity, public reputation, federated coordination. 

My talk uses evidence from months of running social AI to argue that ATProtocol is uniquely suited to be the foundation for AI collective intelligence, and what I expect to come next. "
OD2PpYA,ivansigal.bsky.social,Ivan Sigal,Presentation,2026-03-28 11:00am,Open social tech and geopolitical risk,"The AT Protocol was developed as a decentralized alternative to big tech; it wasn’t envisioned as a response to authoritarian state power.  Now, however, ATProto’s openness is also potentially a source of vulnerability. What are the potential threats, and how can they be countered? We’ll explore a brief history of networked authoritarianism, and consider options and strategies to manage ATProto in adversarial political environments."
VLerG2y,@leijiew.bsky.social,Leijie Wang,Presentation,,Understanding the Landscape of Custom Feeds on Bluesky,"Bluesky’s custom feeds allow users to create, govern, and share their own algorithmic feeds, shifting curation away from platform control. To understand how this ecosystem works in practice, we interviewed 26 Bluesky feed creators and third-party tool developers and analyzed 97,719 existing custom feeds. We find that hobbyist labor is central to sustaining the ecosystem, but creators face recurring challenges around maintenance, visibility, and long-term viability. Based on these findings, we lay out design implications for designing usable decentralized social media."
eqVMWz0,@linguangst.bsky.social,lindsay blackwell,Presentation,,Content Moderation Futures,"Contemporary social media platforms wield extraordinary influence over public discourse—yet their governance practices are frequently characterized as opaque, unfair, and ineffective. While experts agree that successful content moderation is principled, consistent, contextual, proactive, transparent, and accountable, technology companies repeatedly fail to achieve these goals at scale. Drawing on participatory research with various content moderation professionals, this talk identifies structural barriers to effective platform governance and explores potential solutions. Attendees will gain a more intimate understanding of the values, challenges, and contradictions that ultimately determine how platforms are governed, including practical strategies for promoting more equitable social media futures."
9q8ZX5Q,danabra.mov,Dan Abramov,Presentation,,Social Components,"What if social products were remixable?Imagine you could take a social product and break it its user interface into pieces. Then imagine that you, or anyone else, could recombine those pieces in different ways, swap things out, composing and remixing experiences made and hosted by different people.We already know a way to compose UI: Components. However, we didn't have a way to compose components across products. Atmosphere gives us that way: lexicons define component contracts, records point at the endpoints, everyone uses the same data.So let's put components on the protocol! In this talk, Dan will present Inlay—an experimental browser for remixable cross-product server-driven user interfaces on the Atmosphere. You can think of it as ""React for atproto"" or like ""HyperCard for social"".Whether it's a terrible idea or a glimpse of a post-app future remains to be seen.---(Demo teaser: https://bsky.app/profile/did:plc:fpruhuo22xkm5o7ttr2ktxdo/post/3mdjhy2bofk2h)"
BzrpDQK,@mosh.bsky.social,Mosh Lee,Presentation,2026-03-28 11:30am,Feature / Product / Business: A Framework for Sustainable ATProto Projects,"The ATProto community built a ton of great features and products over the past year! For our next trick, let's mature them into products and businesses. In this talk, you'll get a practical framework for understanding whether what you're building should be a feature, product, or business, plus concrete funding models at each layer to keep your work going and growing. (More in this thread: https://bsky.app/profile/mosh.bsky.social/post/3mckiat2ne22q)"
gDELD0M,@kissane.myatproto.social,Erin Kissane,Presentation,2026-03-28 9:15am,Landslide,"Flyover research review on how we learn/don't learn from various kinds of social internet experiences, the anatomy of information overload, and proposals for information retrofitting à la earthquake retrofitting. This would build on my Landslide post from late December https://www.wrecka.ge/landslide-a-ghost-story/ so there would be some shared material, but I want to take it further. Probably most useful for designers and devs thinking about new shapes and futures for network experiences and how they can help or harm efforts to build sturdier collective understandings of reality so that we can start getting ourselves out of some messes."
J9yOpYz,bankonjustin.bsky.social,Justin Bank,Presentation,2026-03-28 1:30pm,The Aggregation Era burned journalism institutions to the ground. The federated era is emerging from those embers,Journalists are the sleeper agents to catalyze the protocol-based publishing revolution.  They're already operating in federated ways -- they just don't use those words. Whether it’s a creator spackling together a media company from web pages and discords -- like so many Twitch streamers. Or journalists using newsletter products to build direct relationships with (and monetize) the massive massive scale audiences they reach through vertical video platforms and don't monetize ....They are federating in DIY ways just as more and more media companies get smaller and more and more journalists go independent. How do we harness this natural momentum towards an organized movement? How can technologists and content creators work together to work as a federated army of Pied Pipers to port audiences into the ATmosphere. 
VLgVWM6,@anirudh.fi,Anirudh Oppiliappan,Presentation,2026-03-28 2:00pm,tangled: the business end,"Building a company on an open protocol is a different ballgame. In this talk I aim to cover why we decided to make Tangled a company, how we're financed, why we went this route, the challenges we faced and our plans for the future. "
Y5KB1kv,ngerakines.me,Nick Gerakines,Workshop,2026-03-26 9:30am,OAuth Masterclass,"Master the complete OAuth implementation for ATProtocol in this comprehensive workshop designed for developers building on the decentralized social web. Whether you're creating applications, services, or tools for the ATmosphere, this masterclass will give you the deep technical knowledge and practical skills needed to implement secure, robust authentication and authorization."
PdW72pB,@alex.bsky.team,Alexander Garnett,Workshop,2026-03-27 9:30am,Consuming the Atmosphere,"This will be an introductory workshop for developers who may have some JS/TS experience but almost no AT experience, who want to learn how to and read posts and other data from the Atmosphere.

We will review community tools for engaging with PDS data, as well as the core design principles of the Atmosphere. There will be a mix of hands-on exercises and open-ended discussions. Workshop participants will come away with all they need to use the data from the Atmosphere in their own applications."
81gXjdP,@alex.bsky.team,Alexander Garnett,Workshop,2026-03-27 1:30pm,Creating the Atmosphere,"This will be an intermediate workshop on designing AT Lexicons to support new apps, with an emphasis on reusing the social graph data that already exists in the network.

We will begin by building and deploy bots that post to the Atmosphere, and then contextualize the Bluesky Lexicon alongside other published Lexicons (and demo the new Lexhub interface). There will be a mix of guided exercises and open-ended design sessions. Come with ideas in mind! Frontend design ability not required."
Y5XGQQ6,chadtmiller.com,Chad Miller,Workshop,,Build an AT Protocol app with Slices,"Slices simplifies the typical AT Protocol stack, giving you the freedom to experiment/ship without having to build complicated AppView infrastructure. My proposal is a workshop where we build a simple social app on the protocol using the Slices framework. We'll talk about how to get a Slices instance up and running, how to setup your lexicons, and strategies to consume the GraphQL API and build client-side apps."
zx4e1Oq,baileytownsend.dev,Bailey Townsend,Workshop,2026-03-27 4:30pm,"at://advent, an atproto adventure","at://advent is an atproto adventure, teaching new explorers the ropes through a series of protocol challenges!

Participants will dive in to play-test the initial set of challenges, with guidance.

This will be a preview ahead of the public online release of at://advent, and will provide us with insight into what aspects are working well and what we need to improve.

at://advent is about growing the atproto developer audience: we strive to make it enticing and accessible to beginner and non-devs"
81D2Mez,@tessa.germnetwork.com,Tessa Brown,Workshop,,Dive into user research with fellow ATProto builders and users,"Get feedback on your project and see what’s growing!
Recent talk about onboarding in the Atmosphere have drawn calls for more user research. This workshop from Germ’s CEO Tessa Brown and founding engineer Anna Mistele is an opportunity for builders in the ecosystem to gain immediate insights by conducting user research for their products, and for attendees to see new products in action. We’re not experts, but rather fellow builders making space for us to learn from each other as a community!"
A7ebKjo,@dcwalker.ca,Dawn Walker,Workshop,2026-03-26 10:30am,Hospicing social media : Personal archival practices for transition ,"Attendees will play a game to navigate collapse of big tech and hospice existing social media, using practices of role play and DIY archiving to prepare for the transition to something new, drawing on de Oliveira Andreotti (2021).

90-minute session geared for people who have existing accounts on a platform or service they want to leave, especially Meta (Facebook, Instagram) or X. Attendees will have a richer experience if they have a device for some archiving activities but it is not required to attend the session.

No technical experience required and open to all."
XxPK17j,@schlage.town,Brendan Schlagel,Workshop,2026-03-27 4:30pm,Atmospheric Publishing: how and why to publish to the social web,"We'll sketch the emergent ecosystem of social publishing on atproto, and what it means for writers, publishers, and readers.

A thesis: this is the year atproto meets the wider web and blogosphere. A touchstone: standard.site and the potential it offers for coordination across publishing platforms and individual sites. Global indexing and discovery, colocated with the social layer, makes a whole lot possible!

People are doing cool things with Leaflet already, and a number of platforms and blogs are starting to adopt standard.site — as the ecosystem grows, there's room for so much more: from comments widgets and WordPress plugins, to discovery and monetization, to onboarding major publishers and scheming to kill Substack.

An open publishing ecosystem is a public good, and it needs to be flexible and resilient. It's also just very cool and makes writing and reading more fun. So, for many reasons, you should participate — let's explore how!"
Bzy111e,ivansigal.bsky.social,Ivan Sigal,Workshop,2026-03-26 2:00pm,Explorations into new social tech modalities,"After 20 years of social media, established social media types exist and are broadly familiar: social networks, microblogging, newsletters, blogs, video and image sharing, chat groups, forums, bookmarking, sense-making. [“An Illustrated Field Guide to Social Media”](Chand%20Rajendra-Nicolucci%20&%20Ethan%20Zuckerman) by Chand Rajendra-Nicolucci and Ethan Zuckerman exhaustively captures the range of existing modes, including everything from global platforms for tiny community sites. In addition to the dominant platforms, millions of applications exist, and millions more experiments, short-lived apps, digital art projects,  and web projects have come and gone. However there is still space for invention and creativity in the design of social and communal technologies. Social tech always encodes power relations, and ideas about how people should interact. For example, content moderation is not the only social mode available for community management and information creation: community editing, deliberation, facilitation, make other assumptions about social dynamics, offer different power relations, and lead to different design choices.In this workshop, we will explore, in the mode of creative technologists, alternative social modalities, looking firstly at the specific affordances made available through ATProto, and more broadly through open social protocols."
000ChadWorkshop,chadtmiller.com,Chad Miller,Workshop,2026-03-26 2:00pm,Quickslice,TBD
000ArushiWorkshop,offline.arushibandi.com,Arushi Bandi,Workshop,2026-03-26 4:00pm,What can we build together?,TBD
000UXWorkshop,@tessa.germnetwork.com,Tessa Brown,Workshop,2026-03-26 4:30pm,TKTK UX Workshop,TBD
81VNEBO,@joebasser.com,Joe Basser,Discussion / Panel,,Creators First: Video & Media as the Foundation of a Thriving Creator Economy on ATProto,"This panel spotlights creators on AT Protocol and the infrastructure that lets them own their audience and income. We will explore how video, music, reviews, and other media can interoperate across apps, helping artists reach fans anywhere without being tied to a single platform. Panelists will share emerging ways creators can earn, from direct fan support to premium content. Attendees will leave with a clear view of how ATProto can become the home for the next generation of creators."
VLXBbzJ,@tylerjfisher.com,Tyler Fisher,Discussion / Panel,,How and Why News Organizations Should Build on the ATProtocol,"For decades, news organizations have chased audiences on proprietary social platforms where they have no control over how their content is delivered. The ATProtocol offers a chance for news organizations to start fresh and participate as first-class citizens in the open social web. In this panel, we will discuss strategies for getting started on ATProto as a news organization and the potential benefits of moving early."
RG6Nepp,@knotbin.com,Roscoe Rubin-Rottenberg,Presentation,,Large-scale interoperability in the ATmosphere,"Connecting the ""Wherever You Get Your Podcasts"" blog I posted a ~month ago (https://knotbin.leaflet.pub/3lx3uqveyj22f) to interoperability in atproto.m using the podcast metaphor for feature adoption & how they're just one type of RSS feed, just like lexicons with records. In theory, apps can implement any lexicon. I'd then go into the actual experience of implementing this at the huge scale of Bluesky's lexicon and why Spark decided to take a different approach to lexicon interop in the end."
1AzdYWM,@jonathanwarden.com,Jonathan Warden,Presentation,2026-03-28 11:00am,Bluenotes: Community Notes for ATProto,"I'll briefly demonstrate Bluenotes, a fork of the Bluesky with Community Notes. Then I'll discuss a proposed ""Open Community Notes"" standard and lexicon for Community Notes on ATProto, and discuss challenges such as preserving contributor anonymity and defending against manipulation."
gDP6A8N,kobi.bsky.social,Kobi Gurkan,Presentation,,Account logic in ATProto using Trusted Execution Environments,"See https://www.notion.so/ATmosphere-conf-talks-2d45c481e23180008c7cf7c9551904b8?source=copy_link

"
J9EgEdX,@holke.xyz,Holke Brammer,Presentation,2026-03-28 3:00pm,"Hypercerts on ATProto: Collective Funding, Evaluation, and Ownership as Social Data","This talk introduces hypercerts as a primitive for collective funding. It shows how activities, evidence, and plural evaluations can be published as durable records without relying on centralized platforms or single metrics. Attendees will learn how ATProto’s identity, record, and graph model enables new allocation mechanisms in which information production is endogenous and reusable across applications. The session connects protocol architecture with real-world funding workflows, offering concrete patterns others can adapt for funding public goods and collective action."
obLbvQV,@eclecticcapital.bsky.com,Natalie Mullins,Presentation,2026-03-28 4:00pm,Building the Sovereign Media Stack: A Roadmap for AT Protocol ,"The talk will focus on (1) the structural shifts reshaping the media landscape & creator economy and provide a roadmap / suggestions for how the AT Protocol ecosystem & community can be best positioning to serve the needs of creators of all kinds (emphasis / focus here on independent creators) through this evolutio, while preserving their rights to sovereignty & ownership. The talk ideally touches on both cultural, economic and technical / infrastructural topics. Will be speaking in my capacity both as an artist and as an investor / student of media markets."
XxPMqvO,@jon2600.bsky.social,Jon Wilson,Presentation,,"Build and share personal apps, using an open source tool to help get started","First, I built an ATProto-based meditation app for myself. Then I created a tool to automate much of the process to build similar apps. Currently it can generate several parts of an ATProto application, including OAuth, lexicons, an API with CRUD methods for the specific records, a store, and a basic UI. It lets the user download the starter app as a ZIP file, and I'm working on adding the option to create Github repos. I will demo the app-builder, show attendees how they can use it to get started building apps for themselves and to share with others, and discuss plans for upgrading the app-builder tool to build more fully-fleshed apps. (The repos are available at: https://github.com/YetAnotherJonWilson/atproto-app-builder and https://github.com/YetAnotherJonWilson/really-simple-meditation; the app-builder can be run locally, but I hope to have the website online before the conference.)"
